"LOCATION","INDICATOR","SUBJECT","MEASURE","FREQUENCY","TIME","Value","Flag Codes"
"AUS","PASSTRANSP","RAIL","MLN_PKM","A","1995",10344.505996047,
"AUS","PASSTRANSP","RAIL","MLN_PKM","A","1996",10696.252435836,
"AUS","PASSTRANSP","RAIL","MLN_PKM","A","1997",10976.875472385,
"AUS","PASSTRANSP","RAIL","MLN_PKM","A","1998",10950.918994143,
"AUS","PASSTRANSP","RAIL","MLN_PKM","A","1999",11164.803792244,
"AUS","PASSTRANSP","RAIL","MLN_PKM","A","2000",11552.161964256,
"AUS","PASSTRANSP","RAIL","MLN_PKM","A","2001",12149.624986664,
"AUS","PASSTRANSP","RAIL","MLN_PKM","A","2002",12005.65718487,
"AUS","PASSTRANSP","RAIL","MLN_PKM","A","2003",12021.773106727,
"AUS","PASSTRANSP","RAIL","MLN_PKM","A","2004",12087.046535813,
"AUS","PASSTRANSP","RAIL","MLN_PKM","A","2005",12062.893352373,
"AUS","PASSTRANSP","RAIL","MLN_PKM","A","2006",12590.874021192,
"AUS","PASSTRANSP","RAIL","MLN_PKM","A","2007",13212.731578192,
"AUS","PASSTRANSP","RAIL","MLN_PKM","A","2008",14276.384048686,
"AUS","PASSTRANSP","RAIL","MLN_PKM","A","2009",15004.14159834,
"AUS","PASSTRANSP","RAIL","MLN_PKM","A","2010",14992.79186061,
"AUS","PASSTRANSP","RAIL","MLN_PKM","A","2011",15275.793628,
"AUS","PASSTRANSP","RAIL","MLN_PKM","A","2012",15568.963881337,
"AUS","PASSTRANSP","RAIL","MLN_PKM","A","2013",15543.667841316,
"AUS","PASSTRANSP","RAIL","MLN_PKM","A","2014",15571.083308422,
"AUS","PASSTRANSP","RAIL","MLN_PKM","A","2015",16016.860652115,
"AUS","PASSTRANSP","RAIL","MLN_PKM","A","2016",16503.758569102,
"AUS","PASSTRANSP","RAIL","MLN_PKM","A","2017",17039.193726877,
"AUS","PASSTRANSP","RAIL","MLN_PKM","A","2018",17585.947168902,
"AUT","PASSTRANSP","RAIL","MLN_PKM","A","1995",9625,
"AUT","PASSTRANSP","RAIL","MLN_PKM","A","1996",9689,
"AUT","PASSTRANSP","RAIL","MLN_PKM","A","1997",8140,
"AUT","PASSTRANSP","RAIL","MLN_PKM","A","1998",7971,
"AUT","PASSTRANSP","RAIL","MLN_PKM","A","1999",7995,
"AUT","PASSTRANSP","RAIL","MLN_PKM","A","2000",8206,
"AUT","PASSTRANSP","RAIL","MLN_PKM","A","2001",8240,
"AUT","PASSTRANSP","RAIL","MLN_PKM","A","2002",8300,
"AUT","PASSTRANSP","RAIL","MLN_PKM","A","2003",8249,
"AUT","PASSTRANSP","RAIL","MLN_PKM","A","2004",8295,
"AUT","PASSTRANSP","RAIL","MLN_PKM","A","2005",8470,
"AUT","PASSTRANSP","RAIL","MLN_PKM","A","2006",9296,"B"
"AUT","PASSTRANSP","RAIL","MLN_PKM","A","2007",9580,
"AUT","PASSTRANSP","RAIL","MLN_PKM","A","2008",10837,
"AUT","PASSTRANSP","RAIL","MLN_PKM","A","2009",10653,
"AUT","PASSTRANSP","RAIL","MLN_PKM","A","2010",10737,
"AUT","PASSTRANSP","RAIL","MLN_PKM","A","2011",10875,
"AUT","PASSTRANSP","RAIL","MLN_PKM","A","2012",11323,
"AUT","PASSTRANSP","RAIL","MLN_PKM","A","2013",11915,
"AUT","PASSTRANSP","RAIL","MLN_PKM","A","2014",12092,
"AUT","PASSTRANSP","RAIL","MLN_PKM","A","2015",12208,
"AUT","PASSTRANSP","RAIL","MLN_PKM","A","2016",12578,
"AUT","PASSTRANSP","RAIL","MLN_PKM","A","2017",12656.7,
"AUT","PASSTRANSP","RAIL","MLN_PKM","A","2018",13204.7,
"AUT","PASSTRANSP","RAIL","MLN_PKM","A","2019",13350,
"BEL","PASSTRANSP","RAIL","MLN_PKM","A","1995",6757,
"BEL","PASSTRANSP","RAIL","MLN_PKM","A","1996",6788,
"BEL","PASSTRANSP","RAIL","MLN_PKM","A","1997",6980,
"BEL","PASSTRANSP","RAIL","MLN_PKM","A","1998",7097,
"BEL","PASSTRANSP","RAIL","MLN_PKM","A","1999",7354,
"BEL","PASSTRANSP","RAIL","MLN_PKM","A","2000",7755,
"BEL","PASSTRANSP","RAIL","MLN_PKM","A","2001",8036,
"BEL","PASSTRANSP","RAIL","MLN_PKM","A","2002",8260,
"BEL","PASSTRANSP","RAIL","MLN_PKM","A","2003",8265,
"BEL","PASSTRANSP","RAIL","MLN_PKM","A","2004",8676,
"BEL","PASSTRANSP","RAIL","MLN_PKM","A","2005",9150,
"BEL","PASSTRANSP","RAIL","MLN_PKM","A","2006",9607,
"BEL","PASSTRANSP","RAIL","MLN_PKM","A","2007",9932,
"BEL","PASSTRANSP","RAIL","MLN_PKM","A","2008",10406,
"BEL","PASSTRANSP","RAIL","MLN_PKM","A","2009",10427,
"BEL","PASSTRANSP","RAIL","MLN_PKM","A","2010",10403,
"BEL","PASSTRANSP","RAIL","MLN_PKM","A","2011",11003,
"BEL","PASSTRANSP","RAIL","MLN_PKM","A","2012",10857,
"BEL","PASSTRANSP","RAIL","MLN_PKM","A","2013",10595,
"BEL","PASSTRANSP","RAIL","MLN_PKM","A","2014",10974,"E"
"BEL","PASSTRANSP","RAIL","MLN_PKM","A","2015",10333,"B"
"BEL","PASSTRANSP","RAIL","MLN_PKM","A","2016",10025,"E"
"BEL","PASSTRANSP","RAIL","MLN_PKM","A","2017",10167,"E"
"CAN","PASSTRANSP","RAIL","MLN_PKM","A","1995",1382,
"CAN","PASSTRANSP","RAIL","MLN_PKM","A","1996",1411,
"CAN","PASSTRANSP","RAIL","MLN_PKM","A","1997",1440,
"CAN","PASSTRANSP","RAIL","MLN_PKM","A","1998",1469,
"CAN","PASSTRANSP","RAIL","MLN_PKM","A","1999",1498,
"CAN","PASSTRANSP","RAIL","MLN_PKM","A","2000",1548,
"CAN","PASSTRANSP","RAIL","MLN_PKM","A","2001",1553,
"CAN","PASSTRANSP","RAIL","MLN_PKM","A","2002",1596,
"CAN","PASSTRANSP","RAIL","MLN_PKM","A","2003",1433,
"CAN","PASSTRANSP","RAIL","MLN_PKM","A","2004",1413,
"CAN","PASSTRANSP","RAIL","MLN_PKM","A","2005",1478,
"CAN","PASSTRANSP","RAIL","MLN_PKM","A","2006",1450,
"CAN","PASSTRANSP","RAIL","MLN_PKM","A","2007",1453,
"CAN","PASSTRANSP","RAIL","MLN_PKM","A","2008",1574,
"CAN","PASSTRANSP","RAIL","MLN_PKM","A","2009",1413,
"CAN","PASSTRANSP","RAIL","MLN_PKM","A","2010",1404,
"CAN","PASSTRANSP","RAIL","MLN_PKM","A","2011",1404,
"CAN","PASSTRANSP","RAIL","MLN_PKM","A","2012",1376,
"CAN","PASSTRANSP","RAIL","MLN_PKM","A","2013",1365,
"CAN","PASSTRANSP","RAIL","MLN_PKM","A","2014",1327,
"CAN","PASSTRANSP","RAIL","MLN_PKM","A","2015",1421.83097191,
"CAN","PASSTRANSP","RAIL","MLN_PKM","A","2016",1482.22919834,
"CAN","PASSTRANSP","RAIL","MLN_PKM","A","2017",1600.57655333,
"CAN","PASSTRANSP","RAIL","MLN_PKM","A","2018",1685,"P"
"CZE","PASSTRANSP","RAIL","MLN_PKM","A","1995",8023,
"CZE","PASSTRANSP","RAIL","MLN_PKM","A","1996",8111,
"CZE","PASSTRANSP","RAIL","MLN_PKM","A","1997",7721,
"CZE","PASSTRANSP","RAIL","MLN_PKM","A","1998",7018,
"CZE","PASSTRANSP","RAIL","MLN_PKM","A","1999",6957,
"CZE","PASSTRANSP","RAIL","MLN_PKM","A","2000",7300,
"CZE","PASSTRANSP","RAIL","MLN_PKM","A","2001",7299,
"CZE","PASSTRANSP","RAIL","MLN_PKM","A","2002",6597,
"CZE","PASSTRANSP","RAIL","MLN_PKM","A","2003",6518,
"CZE","PASSTRANSP","RAIL","MLN_PKM","A","2004",6590,
"CZE","PASSTRANSP","RAIL","MLN_PKM","A","2005",6667,
"CZE","PASSTRANSP","RAIL","MLN_PKM","A","2006",6922,
"CZE","PASSTRANSP","RAIL","MLN_PKM","A","2007",6900,
"CZE","PASSTRANSP","RAIL","MLN_PKM","A","2008",6803,
"CZE","PASSTRANSP","RAIL","MLN_PKM","A","2009",6503,
"CZE","PASSTRANSP","RAIL","MLN_PKM","A","2010",6591,
"CZE","PASSTRANSP","RAIL","MLN_PKM","A","2011",6714,
"CZE","PASSTRANSP","RAIL","MLN_PKM","A","2012",7265,
"CZE","PASSTRANSP","RAIL","MLN_PKM","A","2013",7601,
"CZE","PASSTRANSP","RAIL","MLN_PKM","A","2014",7797,
"CZE","PASSTRANSP","RAIL","MLN_PKM","A","2015",8298.112592,
"CZE","PASSTRANSP","RAIL","MLN_PKM","A","2016",8843.373268,
"CZE","PASSTRANSP","RAIL","MLN_PKM","A","2017",9497.566454,
"CZE","PASSTRANSP","RAIL","MLN_PKM","A","2018",10286.019,
"CZE","PASSTRANSP","RAIL","MLN_PKM","A","2019",10930.618,
"DNK","PASSTRANSP","RAIL","MLN_PKM","A","1995",4684,
"DNK","PASSTRANSP","RAIL","MLN_PKM","A","1996",4621,
"DNK","PASSTRANSP","RAIL","MLN_PKM","A","1997",4978,
"DNK","PASSTRANSP","RAIL","MLN_PKM","A","1998",5163,
"DNK","PASSTRANSP","RAIL","MLN_PKM","A","1999",5113,
"DNK","PASSTRANSP","RAIL","MLN_PKM","A","2000",5537,
"DNK","PASSTRANSP","RAIL","MLN_PKM","A","2001",5721,
"DNK","PASSTRANSP","RAIL","MLN_PKM","A","2002",5754,
"DNK","PASSTRANSP","RAIL","MLN_PKM","A","2003",5893,
"DNK","PASSTRANSP","RAIL","MLN_PKM","A","2004",6074,
"DNK","PASSTRANSP","RAIL","MLN_PKM","A","2005",6136,
"DNK","PASSTRANSP","RAIL","MLN_PKM","A","2006",6274,
"DNK","PASSTRANSP","RAIL","MLN_PKM","A","2007",6353,"B"
"DNK","PASSTRANSP","RAIL","MLN_PKM","A","2008",6475,
"DNK","PASSTRANSP","RAIL","MLN_PKM","A","2009",6367,
"DNK","PASSTRANSP","RAIL","MLN_PKM","A","2010",6577,
"DNK","PASSTRANSP","RAIL","MLN_PKM","A","2011",6890,
"DNK","PASSTRANSP","RAIL","MLN_PKM","A","2012",7020,
"DNK","PASSTRANSP","RAIL","MLN_PKM","A","2013",7076,
"DNK","PASSTRANSP","RAIL","MLN_PKM","A","2014",6808,
"DNK","PASSTRANSP","RAIL","MLN_PKM","A","2015",6808,
"DNK","PASSTRANSP","RAIL","MLN_PKM","A","2016",6653,
"DNK","PASSTRANSP","RAIL","MLN_PKM","A","2017",6623,
"DNK","PASSTRANSP","RAIL","MLN_PKM","A","2018",6560,
"FIN","PASSTRANSP","RAIL","MLN_PKM","A","1995",3184,
"FIN","PASSTRANSP","RAIL","MLN_PKM","A","1996",3254,
"FIN","PASSTRANSP","RAIL","MLN_PKM","A","1997",3376,
"FIN","PASSTRANSP","RAIL","MLN_PKM","A","1998",3377,
"FIN","PASSTRANSP","RAIL","MLN_PKM","A","1999",3415,
"FIN","PASSTRANSP","RAIL","MLN_PKM","A","2000",3405,
"FIN","PASSTRANSP","RAIL","MLN_PKM","A","2001",3282,
"FIN","PASSTRANSP","RAIL","MLN_PKM","A","2002",3318,
"FIN","PASSTRANSP","RAIL","MLN_PKM","A","2003",3338,
"FIN","PASSTRANSP","RAIL","MLN_PKM","A","2004",3352,
"FIN","PASSTRANSP","RAIL","MLN_PKM","A","2005",3478,
"FIN","PASSTRANSP","RAIL","MLN_PKM","A","2006",3540,
"FIN","PASSTRANSP","RAIL","MLN_PKM","A","2007",3778,
"FIN","PASSTRANSP","RAIL","MLN_PKM","A","2008",4052,
"FIN","PASSTRANSP","RAIL","MLN_PKM","A","2009",3876,
"FIN","PASSTRANSP","RAIL","MLN_PKM","A","2010",3959,
"FIN","PASSTRANSP","RAIL","MLN_PKM","A","2011",3882,
"FIN","PASSTRANSP","RAIL","MLN_PKM","A","2012",4035,
"FIN","PASSTRANSP","RAIL","MLN_PKM","A","2013",4053,
"FIN","PASSTRANSP","RAIL","MLN_PKM","A","2014",3874,
"FIN","PASSTRANSP","RAIL","MLN_PKM","A","2015",4113,"B"
"FIN","PASSTRANSP","RAIL","MLN_PKM","A","2016",3868,
"FIN","PASSTRANSP","RAIL","MLN_PKM","A","2017",4271,
"FIN","PASSTRANSP","RAIL","MLN_PKM","A","2018",4534,
"FIN","PASSTRANSP","RAIL","MLN_PKM","A","2019",4924,
"FRA","PASSTRANSP","RAIL","MLN_PKM","A","1995",64444,
"FRA","PASSTRANSP","RAIL","MLN_PKM","A","1996",69183,
"FRA","PASSTRANSP","RAIL","MLN_PKM","A","1997",71016,
"FRA","PASSTRANSP","RAIL","MLN_PKM","A","1998",75175,
"FRA","PASSTRANSP","RAIL","MLN_PKM","A","1999",77111,
"FRA","PASSTRANSP","RAIL","MLN_PKM","A","2000",82253,
"FRA","PASSTRANSP","RAIL","MLN_PKM","A","2001",84180,
"FRA","PASSTRANSP","RAIL","MLN_PKM","A","2002",86186,
"FRA","PASSTRANSP","RAIL","MLN_PKM","A","2003",84151,
"FRA","PASSTRANSP","RAIL","MLN_PKM","A","2004",88567,
"FRA","PASSTRANSP","RAIL","MLN_PKM","A","2005",90859,
"FRA","PASSTRANSP","RAIL","MLN_PKM","A","2006",94590,
"FRA","PASSTRANSP","RAIL","MLN_PKM","A","2007",96709,
"FRA","PASSTRANSP","RAIL","MLN_PKM","A","2008",102721,
"FRA","PASSTRANSP","RAIL","MLN_PKM","A","2009",101821,
"FRA","PASSTRANSP","RAIL","MLN_PKM","A","2010",102167,
"FRA","PASSTRANSP","RAIL","MLN_PKM","A","2011",105596,
"FRA","PASSTRANSP","RAIL","MLN_PKM","A","2012",105956,
"FRA","PASSTRANSP","RAIL","MLN_PKM","A","2013",105215,
"FRA","PASSTRANSP","RAIL","MLN_PKM","A","2014",104589,
"FRA","PASSTRANSP","RAIL","MLN_PKM","A","2015",104849,
"FRA","PASSTRANSP","RAIL","MLN_PKM","A","2016",104207,
"FRA","PASSTRANSP","RAIL","MLN_PKM","A","2017",110469,
"FRA","PASSTRANSP","RAIL","MLN_PKM","A","2018",107920,
"FRA","PASSTRANSP","RAIL","MLN_PKM","A","2019",112614,
"DEU","PASSTRANSP","RAIL","MLN_PKM","A","1995",70977,
"DEU","PASSTRANSP","RAIL","MLN_PKM","A","1996",71730,
"DEU","PASSTRANSP","RAIL","MLN_PKM","A","1997",72403,
"DEU","PASSTRANSP","RAIL","MLN_PKM","A","1998",72666,
"DEU","PASSTRANSP","RAIL","MLN_PKM","A","1999",73796,
"DEU","PASSTRANSP","RAIL","MLN_PKM","A","2000",75404,
"DEU","PASSTRANSP","RAIL","MLN_PKM","A","2001",75754,
"DEU","PASSTRANSP","RAIL","MLN_PKM","A","2002",71366,
"DEU","PASSTRANSP","RAIL","MLN_PKM","A","2003",71293,
"DEU","PASSTRANSP","RAIL","MLN_PKM","A","2004",72879,
"DEU","PASSTRANSP","RAIL","MLN_PKM","A","2005",76824,
"DEU","PASSTRANSP","RAIL","MLN_PKM","A","2006",78995,
"DEU","PASSTRANSP","RAIL","MLN_PKM","A","2007",79107,
"DEU","PASSTRANSP","RAIL","MLN_PKM","A","2008",82539,
"DEU","PASSTRANSP","RAIL","MLN_PKM","A","2009",82253,
"DEU","PASSTRANSP","RAIL","MLN_PKM","A","2010",83886,
"DEU","PASSTRANSP","RAIL","MLN_PKM","A","2011",85414,
"DEU","PASSTRANSP","RAIL","MLN_PKM","A","2012",88796,
"DEU","PASSTRANSP","RAIL","MLN_PKM","A","2013",89615,
"DEU","PASSTRANSP","RAIL","MLN_PKM","A","2014",90976,
"DEU","PASSTRANSP","RAIL","MLN_PKM","A","2015",91603,
"DEU","PASSTRANSP","RAIL","MLN_PKM","A","2016",94197,
"DEU","PASSTRANSP","RAIL","MLN_PKM","A","2017",95530,
"DEU","PASSTRANSP","RAIL","MLN_PKM","A","2018",98161,"P"
"DEU","PASSTRANSP","RAIL","MLN_PKM","A","2019",100015,
"GRC","PASSTRANSP","RAIL","MLN_PKM","A","1995",1568,
"GRC","PASSTRANSP","RAIL","MLN_PKM","A","1996",1751,
"GRC","PASSTRANSP","RAIL","MLN_PKM","A","1997",1812,
"GRC","PASSTRANSP","RAIL","MLN_PKM","A","1998",1551,
"GRC","PASSTRANSP","RAIL","MLN_PKM","A","1999",1882,
"GRC","PASSTRANSP","RAIL","MLN_PKM","A","2000",1628,
"GRC","PASSTRANSP","RAIL","MLN_PKM","A","2001",1797,
"GRC","PASSTRANSP","RAIL","MLN_PKM","A","2002",1836,
"GRC","PASSTRANSP","RAIL","MLN_PKM","A","2003",1574,
"GRC","PASSTRANSP","RAIL","MLN_PKM","A","2004",1669,
"GRC","PASSTRANSP","RAIL","MLN_PKM","A","2005",1854,
"GRC","PASSTRANSP","RAIL","MLN_PKM","A","2006",1811,
"GRC","PASSTRANSP","RAIL","MLN_PKM","A","2007",1930,
"GRC","PASSTRANSP","RAIL","MLN_PKM","A","2008",1657,
"GRC","PASSTRANSP","RAIL","MLN_PKM","A","2009",1414,
"GRC","PASSTRANSP","RAIL","MLN_PKM","A","2010",1337,
"GRC","PASSTRANSP","RAIL","MLN_PKM","A","2011",958,
"GRC","PASSTRANSP","RAIL","MLN_PKM","A","2012",832,"E"
"GRC","PASSTRANSP","RAIL","MLN_PKM","A","2013",755,"E"
"GRC","PASSTRANSP","RAIL","MLN_PKM","A","2014",1072,
"GRC","PASSTRANSP","RAIL","MLN_PKM","A","2015",1263,
"GRC","PASSTRANSP","RAIL","MLN_PKM","A","2016",1192,
"GRC","PASSTRANSP","RAIL","MLN_PKM","A","2017",1109,
"GRC","PASSTRANSP","RAIL","MLN_PKM","A","2018",1104,
"GRC","PASSTRANSP","RAIL","MLN_PKM","A","2019",1252,
"HUN","PASSTRANSP","RAIL","MLN_PKM","A","1995",8336,
"HUN","PASSTRANSP","RAIL","MLN_PKM","A","1996",8582,
"HUN","PASSTRANSP","RAIL","MLN_PKM","A","1997",8672,
"HUN","PASSTRANSP","RAIL","MLN_PKM","A","1998",8884,
"HUN","PASSTRANSP","RAIL","MLN_PKM","A","1999",9514,
"HUN","PASSTRANSP","RAIL","MLN_PKM","A","2000",9693,
"HUN","PASSTRANSP","RAIL","MLN_PKM","A","2001",10005,
"HUN","PASSTRANSP","RAIL","MLN_PKM","A","2002",10531,
"HUN","PASSTRANSP","RAIL","MLN_PKM","A","2003",10286,
"HUN","PASSTRANSP","RAIL","MLN_PKM","A","2004",10544,
"HUN","PASSTRANSP","RAIL","MLN_PKM","A","2005",9880,
"HUN","PASSTRANSP","RAIL","MLN_PKM","A","2006",9584,
"HUN","PASSTRANSP","RAIL","MLN_PKM","A","2007",8752,
"HUN","PASSTRANSP","RAIL","MLN_PKM","A","2008",8293,
"HUN","PASSTRANSP","RAIL","MLN_PKM","A","2009",8073,
"HUN","PASSTRANSP","RAIL","MLN_PKM","A","2010",7692,
"HUN","PASSTRANSP","RAIL","MLN_PKM","A","2011",7806,
"HUN","PASSTRANSP","RAIL","MLN_PKM","A","2012",7806,
"HUN","PASSTRANSP","RAIL","MLN_PKM","A","2013",7843,
"HUN","PASSTRANSP","RAIL","MLN_PKM","A","2014",7738,
"HUN","PASSTRANSP","RAIL","MLN_PKM","A","2015",7609.161,
"HUN","PASSTRANSP","RAIL","MLN_PKM","A","2016",7653.455,
"HUN","PASSTRANSP","RAIL","MLN_PKM","A","2017",7730.982,
"HUN","PASSTRANSP","RAIL","MLN_PKM","A","2018",7769.56,
"HUN","PASSTRANSP","RAIL","MLN_PKM","A","2019",7751.606,
"ISL","PASSTRANSP","RAIL","MLN_PKM","A","1995",,"M"
"ISL","PASSTRANSP","RAIL","MLN_PKM","A","1996",,"M"
"ISL","PASSTRANSP","RAIL","MLN_PKM","A","1997",,"M"
"ISL","PASSTRANSP","RAIL","MLN_PKM","A","1998",,"M"
"ISL","PASSTRANSP","RAIL","MLN_PKM","A","1999",,"M"
"ISL","PASSTRANSP","RAIL","MLN_PKM","A","2000",,"M"
"ISL","PASSTRANSP","RAIL","MLN_PKM","A","2001",,"M"
"ISL","PASSTRANSP","RAIL","MLN_PKM","A","2002",,"M"
"ISL","PASSTRANSP","RAIL","MLN_PKM","A","2003",,"M"
"ISL","PASSTRANSP","RAIL","MLN_PKM","A","2004",,"M"
"ISL","PASSTRANSP","RAIL","MLN_PKM","A","2005",,"M"
"ISL","PASSTRANSP","RAIL","MLN_PKM","A","2006",,"M"
"ISL","PASSTRANSP","RAIL","MLN_PKM","A","2007",,"M"
"ISL","PASSTRANSP","RAIL","MLN_PKM","A","2008",,"M"
"ISL","PASSTRANSP","RAIL","MLN_PKM","A","2009",,"M"
"ISL","PASSTRANSP","RAIL","MLN_PKM","A","2010",,"M"
"ISL","PASSTRANSP","RAIL","MLN_PKM","A","2011",,"M"
"ISL","PASSTRANSP","RAIL","MLN_PKM","A","2012",,"M"
"ISL","PASSTRANSP","RAIL","MLN_PKM","A","2013",,"M"
"ISL","PASSTRANSP","RAIL","MLN_PKM","A","2014",,"M"
"ISL","PASSTRANSP","RAIL","MLN_PKM","A","2015",,"M"
"ISL","PASSTRANSP","RAIL","MLN_PKM","A","2016",,"M"
"ISL","PASSTRANSP","RAIL","MLN_PKM","A","2017",,"M"
"ISL","PASSTRANSP","RAIL","MLN_PKM","A","2018",,"M"
"ISL","PASSTRANSP","RAIL","MLN_PKM","A","2019",,"M"
"IRL","PASSTRANSP","RAIL","MLN_PKM","A","1995",1291,
"IRL","PASSTRANSP","RAIL","MLN_PKM","A","1996",1295,
"IRL","PASSTRANSP","RAIL","MLN_PKM","A","1997",1387,
"IRL","PASSTRANSP","RAIL","MLN_PKM","A","1998",1421,
"IRL","PASSTRANSP","RAIL","MLN_PKM","A","1999",1458,
"IRL","PASSTRANSP","RAIL","MLN_PKM","A","2000",1389,
"IRL","PASSTRANSP","RAIL","MLN_PKM","A","2001",1515,
"IRL","PASSTRANSP","RAIL","MLN_PKM","A","2002",1628,
"IRL","PASSTRANSP","RAIL","MLN_PKM","A","2003",1601,
"IRL","PASSTRANSP","RAIL","MLN_PKM","A","2004",1582,
"IRL","PASSTRANSP","RAIL","MLN_PKM","A","2005",1781,
"IRL","PASSTRANSP","RAIL","MLN_PKM","A","2006",1872,
"IRL","PASSTRANSP","RAIL","MLN_PKM","A","2007",2007,
"IRL","PASSTRANSP","RAIL","MLN_PKM","A","2008",1976,
"IRL","PASSTRANSP","RAIL","MLN_PKM","A","2009",1683,
"IRL","PASSTRANSP","RAIL","MLN_PKM","A","2010",1678,
"IRL","PASSTRANSP","RAIL","MLN_PKM","A","2011",1638,
"IRL","PASSTRANSP","RAIL","MLN_PKM","A","2012",1578,
"IRL","PASSTRANSP","RAIL","MLN_PKM","A","2013",1592,
"IRL","PASSTRANSP","RAIL","MLN_PKM","A","2014",1863,
"IRL","PASSTRANSP","RAIL","MLN_PKM","A","2015",1917,
"IRL","PASSTRANSP","RAIL","MLN_PKM","A","2016",1990,
"IRL","PASSTRANSP","RAIL","MLN_PKM","A","2017",2121,
"IRL","PASSTRANSP","RAIL","MLN_PKM","A","2018",2281,
"IRL","PASSTRANSP","RAIL","MLN_PKM","A","2019",2399,
"ITA","PASSTRANSP","RAIL","MLN_PKM","A","1995",43859,
"ITA","PASSTRANSP","RAIL","MLN_PKM","A","1996",44782,
"ITA","PASSTRANSP","RAIL","MLN_PKM","A","1997",43591,
"ITA","PASSTRANSP","RAIL","MLN_PKM","A","1998",41392,
"ITA","PASSTRANSP","RAIL","MLN_PKM","A","1999",43424,
"ITA","PASSTRANSP","RAIL","MLN_PKM","A","2000",47133,
"ITA","PASSTRANSP","RAIL","MLN_PKM","A","2001",46752,
"ITA","PASSTRANSP","RAIL","MLN_PKM","A","2002",45956,
"ITA","PASSTRANSP","RAIL","MLN_PKM","A","2003",45222,
"ITA","PASSTRANSP","RAIL","MLN_PKM","A","2004",49254,"B"
"ITA","PASSTRANSP","RAIL","MLN_PKM","A","2005",50088,
"ITA","PASSTRANSP","RAIL","MLN_PKM","A","2006",50185,
"ITA","PASSTRANSP","RAIL","MLN_PKM","A","2007",49780,
"ITA","PASSTRANSP","RAIL","MLN_PKM","A","2008",49524,
"ITA","PASSTRANSP","RAIL","MLN_PKM","A","2009",48124,
"ITA","PASSTRANSP","RAIL","MLN_PKM","A","2010",47172,
"ITA","PASSTRANSP","RAIL","MLN_PKM","A","2011",46845,
"ITA","PASSTRANSP","RAIL","MLN_PKM","A","2012",46759,
"ITA","PASSTRANSP","RAIL","MLN_PKM","A","2013",48739,
"ITA","PASSTRANSP","RAIL","MLN_PKM","A","2014",49957,
"ITA","PASSTRANSP","RAIL","MLN_PKM","A","2015",52207,
"ITA","PASSTRANSP","RAIL","MLN_PKM","A","2016",52178,"B"
"ITA","PASSTRANSP","RAIL","MLN_PKM","A","2017",53231,
"ITA","PASSTRANSP","RAIL","MLN_PKM","A","2018",55493,"P"
"ITA","PASSTRANSP","RAIL","MLN_PKM","A","2019",56586,"P"
"JPN","PASSTRANSP","RAIL","MLN_PKM","A","1995",400084,
"JPN","PASSTRANSP","RAIL","MLN_PKM","A","1996",402156,
"JPN","PASSTRANSP","RAIL","MLN_PKM","A","1997",395278,
"JPN","PASSTRANSP","RAIL","MLN_PKM","A","1998",388917,
"JPN","PASSTRANSP","RAIL","MLN_PKM","A","1999",385098,
"JPN","PASSTRANSP","RAIL","MLN_PKM","A","2000",384287,
"JPN","PASSTRANSP","RAIL","MLN_PKM","A","2001",385402,
"JPN","PASSTRANSP","RAIL","MLN_PKM","A","2002",382239,
"JPN","PASSTRANSP","RAIL","MLN_PKM","A","2003",385012,
"JPN","PASSTRANSP","RAIL","MLN_PKM","A","2004",385163,
"JPN","PASSTRANSP","RAIL","MLN_PKM","A","2005",391215,
"JPN","PASSTRANSP","RAIL","MLN_PKM","A","2006",395908,
"JPN","PASSTRANSP","RAIL","MLN_PKM","A","2007",405544,
"JPN","PASSTRANSP","RAIL","MLN_PKM","A","2008",404585,
"JPN","PASSTRANSP","RAIL","MLN_PKM","A","2009",393765,
"JPN","PASSTRANSP","RAIL","MLN_PKM","A","2010",393466,
"JPN","PASSTRANSP","RAIL","MLN_PKM","A","2011",395067,
"JPN","PASSTRANSP","RAIL","MLN_PKM","A","2012",404396,
"JPN","PASSTRANSP","RAIL","MLN_PKM","A","2013",414387,
"JPN","PASSTRANSP","RAIL","MLN_PKM","A","2014",413970,
"JPN","PASSTRANSP","RAIL","MLN_PKM","A","2015",427486,
"JPN","PASSTRANSP","RAIL","MLN_PKM","A","2016",431799,
"JPN","PASSTRANSP","RAIL","MLN_PKM","A","2017",437363,
"JPN","PASSTRANSP","RAIL","MLN_PKM","A","2018",441614,
"JPN","PASSTRANSP","RAIL","MLN_PKM","A","2019",446711,
"KOR","PASSTRANSP","RAIL","MLN_PKM","A","1995",43340,
"KOR","PASSTRANSP","RAIL","MLN_PKM","A","1996",42439,
"KOR","PASSTRANSP","RAIL","MLN_PKM","A","1997",41764,
"KOR","PASSTRANSP","RAIL","MLN_PKM","A","1998",44121,
"KOR","PASSTRANSP","RAIL","MLN_PKM","A","1999",46851,
"KOR","PASSTRANSP","RAIL","MLN_PKM","A","2000",49558,
"KOR","PASSTRANSP","RAIL","MLN_PKM","A","2001",59151,
"KOR","PASSTRANSP","RAIL","MLN_PKM","A","2002",51929,
"KOR","PASSTRANSP","RAIL","MLN_PKM","A","2003",50983,
"KOR","PASSTRANSP","RAIL","MLN_PKM","A","2004",52749,
"KOR","PASSTRANSP","RAIL","MLN_PKM","A","2005",54641,
"KOR","PASSTRANSP","RAIL","MLN_PKM","A","2006",55526,
"KOR","PASSTRANSP","RAIL","MLN_PKM","A","2007",55730,
"KOR","PASSTRANSP","RAIL","MLN_PKM","A","2008",56766,
"KOR","PASSTRANSP","RAIL","MLN_PKM","A","2009",55489,
"KOR","PASSTRANSP","RAIL","MLN_PKM","A","2010",58381,
"KOR","PASSTRANSP","RAIL","MLN_PKM","A","2011",63044,
"KOR","PASSTRANSP","RAIL","MLN_PKM","A","2012",70079,
"KOR","PASSTRANSP","RAIL","MLN_PKM","A","2013",66353,
"KOR","PASSTRANSP","RAIL","MLN_PKM","A","2014",67860,
"KOR","PASSTRANSP","RAIL","MLN_PKM","A","2015",68371,
"KOR","PASSTRANSP","RAIL","MLN_PKM","A","2016",86871,
"KOR","PASSTRANSP","RAIL","MLN_PKM","A","2017",89964,
"KOR","PASSTRANSP","RAIL","MLN_PKM","A","2018",92285,
"KOR","PASSTRANSP","RAIL","MLN_PKM","A","2019",93887,
"LUX","PASSTRANSP","RAIL","MLN_PKM","A","1995",286,
"LUX","PASSTRANSP","RAIL","MLN_PKM","A","1996",284,
"LUX","PASSTRANSP","RAIL","MLN_PKM","A","1997",295,
"LUX","PASSTRANSP","RAIL","MLN_PKM","A","1998",300,
"LUX","PASSTRANSP","RAIL","MLN_PKM","A","1999",310,
"LUX","PASSTRANSP","RAIL","MLN_PKM","A","2000",332,
"LUX","PASSTRANSP","RAIL","MLN_PKM","A","2001",346,
"LUX","PASSTRANSP","RAIL","MLN_PKM","A","2002",268,
"LUX","PASSTRANSP","RAIL","MLN_PKM","A","2003",262,
"LUX","PASSTRANSP","RAIL","MLN_PKM","A","2004",266,
"LUX","PASSTRANSP","RAIL","MLN_PKM","A","2005",272,
"LUX","PASSTRANSP","RAIL","MLN_PKM","A","2006",298,
"LUX","PASSTRANSP","RAIL","MLN_PKM","A","2007",316,
"LUX","PASSTRANSP","RAIL","MLN_PKM","A","2008",345,
"LUX","PASSTRANSP","RAIL","MLN_PKM","A","2009",333,
"LUX","PASSTRANSP","RAIL","MLN_PKM","A","2010",347,
"LUX","PASSTRANSP","RAIL","MLN_PKM","A","2011",349,
"LUX","PASSTRANSP","RAIL","MLN_PKM","A","2012",373,
"LUX","PASSTRANSP","RAIL","MLN_PKM","A","2013",394,
"LUX","PASSTRANSP","RAIL","MLN_PKM","A","2014",409,
"LUX","PASSTRANSP","RAIL","MLN_PKM","A","2015",418,
"LUX","PASSTRANSP","RAIL","MLN_PKM","A","2016",418,
"LUX","PASSTRANSP","RAIL","MLN_PKM","A","2017",438,
"LUX","PASSTRANSP","RAIL","MLN_PKM","A","2018",442,
"LUX","PASSTRANSP","RAIL","MLN_PKM","A","2019",463,
"MEX","PASSTRANSP","RAIL","MLN_PKM","A","1995",1899,
"MEX","PASSTRANSP","RAIL","MLN_PKM","A","1996",1799,
"MEX","PASSTRANSP","RAIL","MLN_PKM","A","1997",1508,
"MEX","PASSTRANSP","RAIL","MLN_PKM","A","1998",460,"B"
"MEX","PASSTRANSP","RAIL","MLN_PKM","A","1999",254,
"MEX","PASSTRANSP","RAIL","MLN_PKM","A","2000",82,
"MEX","PASSTRANSP","RAIL","MLN_PKM","A","2001",67,
"MEX","PASSTRANSP","RAIL","MLN_PKM","A","2002",69,
"MEX","PASSTRANSP","RAIL","MLN_PKM","A","2003",78,
"MEX","PASSTRANSP","RAIL","MLN_PKM","A","2004",74,
"MEX","PASSTRANSP","RAIL","MLN_PKM","A","2005",73,
"MEX","PASSTRANSP","RAIL","MLN_PKM","A","2006",76,
"MEX","PASSTRANSP","RAIL","MLN_PKM","A","2007",84,
"MEX","PASSTRANSP","RAIL","MLN_PKM","A","2008",178,"B"
"MEX","PASSTRANSP","RAIL","MLN_PKM","A","2009",449,
"MEX","PASSTRANSP","RAIL","MLN_PKM","A","2010",843,
"MEX","PASSTRANSP","RAIL","MLN_PKM","A","2011",891,
"MEX","PASSTRANSP","RAIL","MLN_PKM","A","2012",970,
"MEX","PASSTRANSP","RAIL","MLN_PKM","A","2013",1036,
"MEX","PASSTRANSP","RAIL","MLN_PKM","A","2014",1150,
"MEX","PASSTRANSP","RAIL","MLN_PKM","A","2015",1411,
"MEX","PASSTRANSP","RAIL","MLN_PKM","A","2016",1481,
"MEX","PASSTRANSP","RAIL","MLN_PKM","A","2017",1550,
"MEX","PASSTRANSP","RAIL","MLN_PKM","A","2018",1591,
"MEX","PASSTRANSP","RAIL","MLN_PKM","A","2019",1571,
"NLD","PASSTRANSP","RAIL","MLN_PKM","A","1995",13000,
"NLD","PASSTRANSP","RAIL","MLN_PKM","A","1996",13100,
"NLD","PASSTRANSP","RAIL","MLN_PKM","A","1997",14200,
"NLD","PASSTRANSP","RAIL","MLN_PKM","A","1998",14900,
"NLD","PASSTRANSP","RAIL","MLN_PKM","A","1999",15000,
"NLD","PASSTRANSP","RAIL","MLN_PKM","A","2000",15400,
"NLD","PASSTRANSP","RAIL","MLN_PKM","A","2001",15500,
"NLD","PASSTRANSP","RAIL","MLN_PKM","A","2002",15500,
"NLD","PASSTRANSP","RAIL","MLN_PKM","A","2003",14500,
"NLD","PASSTRANSP","RAIL","MLN_PKM","A","2004",14079,
"NLD","PASSTRANSP","RAIL","MLN_PKM","A","2005",14730,
"NLD","PASSTRANSP","RAIL","MLN_PKM","A","2006",15889,
"NLD","PASSTRANSP","RAIL","MLN_PKM","A","2007",15546,
"NLD","PASSTRANSP","RAIL","MLN_PKM","A","2008",15313,
"NLD","PASSTRANSP","RAIL","MLN_PKM","A","2009",15400,
"NLD","PASSTRANSP","RAIL","MLN_PKM","A","2010",14600,"B"
"NLD","PASSTRANSP","RAIL","MLN_PKM","A","2011",16500,
"NLD","PASSTRANSP","RAIL","MLN_PKM","A","2012",16100,
"NLD","PASSTRANSP","RAIL","MLN_PKM","A","2013",17700,
"NLD","PASSTRANSP","RAIL","MLN_PKM","A","2014",16200,
"NLD","PASSTRANSP","RAIL","MLN_PKM","A","2015",15800,
"NLD","PASSTRANSP","RAIL","MLN_PKM","A","2016",16900,
"NLD","PASSTRANSP","RAIL","MLN_PKM","A","2017",17800,
"NLD","PASSTRANSP","RAIL","MLN_PKM","A","2018",22600,
"NOR","PASSTRANSP","RAIL","MLN_PKM","A","1995",2681,
"NOR","PASSTRANSP","RAIL","MLN_PKM","A","1996",2803,
"NOR","PASSTRANSP","RAIL","MLN_PKM","A","1997",2941,
"NOR","PASSTRANSP","RAIL","MLN_PKM","A","1998",3071,
"NOR","PASSTRANSP","RAIL","MLN_PKM","A","1999",3416,
"NOR","PASSTRANSP","RAIL","MLN_PKM","A","2000",3353,
"NOR","PASSTRANSP","RAIL","MLN_PKM","A","2001",3272,
"NOR","PASSTRANSP","RAIL","MLN_PKM","A","2002",2989,
"NOR","PASSTRANSP","RAIL","MLN_PKM","A","2003",2896,
"NOR","PASSTRANSP","RAIL","MLN_PKM","A","2004",2683.457775,
"NOR","PASSTRANSP","RAIL","MLN_PKM","A","2005",2723.402598,
"NOR","PASSTRANSP","RAIL","MLN_PKM","A","2006",2832.39148,
"NOR","PASSTRANSP","RAIL","MLN_PKM","A","2007",2957.95521,
"NOR","PASSTRANSP","RAIL","MLN_PKM","A","2008",3106.985939,
"NOR","PASSTRANSP","RAIL","MLN_PKM","A","2009",3080.143787,
"NOR","PASSTRANSP","RAIL","MLN_PKM","A","2010",3134.383471,
"NOR","PASSTRANSP","RAIL","MLN_PKM","A","2011",3075.974123,
"NOR","PASSTRANSP","RAIL","MLN_PKM","A","2012",3091.569419,
"NOR","PASSTRANSP","RAIL","MLN_PKM","A","2013",3260,
"NOR","PASSTRANSP","RAIL","MLN_PKM","A","2014",3440,
"NOR","PASSTRANSP","RAIL","MLN_PKM","A","2015",3555,
"NOR","PASSTRANSP","RAIL","MLN_PKM","A","2016",3695,
"NOR","PASSTRANSP","RAIL","MLN_PKM","A","2017",3584,
"NOR","PASSTRANSP","RAIL","MLN_PKM","A","2018",3722,
"NOR","PASSTRANSP","RAIL","MLN_PKM","A","2019",3715,
"POL","PASSTRANSP","RAIL","MLN_PKM","A","1995",26635,
"POL","PASSTRANSP","RAIL","MLN_PKM","A","1996",26569,
"POL","PASSTRANSP","RAIL","MLN_PKM","A","1997",25806,
"POL","PASSTRANSP","RAIL","MLN_PKM","A","1998",25664,
"POL","PASSTRANSP","RAIL","MLN_PKM","A","1999",26198,
"POL","PASSTRANSP","RAIL","MLN_PKM","A","2000",24092,
"POL","PASSTRANSP","RAIL","MLN_PKM","A","2001",22469,
"POL","PASSTRANSP","RAIL","MLN_PKM","A","2002",20749,
"POL","PASSTRANSP","RAIL","MLN_PKM","A","2003",19638,
"POL","PASSTRANSP","RAIL","MLN_PKM","A","2004",18690,
"POL","PASSTRANSP","RAIL","MLN_PKM","A","2005",18157,
"POL","PASSTRANSP","RAIL","MLN_PKM","A","2006",18552,
"POL","PASSTRANSP","RAIL","MLN_PKM","A","2007",19859,
"POL","PASSTRANSP","RAIL","MLN_PKM","A","2008",20195,
"POL","PASSTRANSP","RAIL","MLN_PKM","A","2009",18637,
"POL","PASSTRANSP","RAIL","MLN_PKM","A","2010",17921,
"POL","PASSTRANSP","RAIL","MLN_PKM","A","2011",18177,
"POL","PASSTRANSP","RAIL","MLN_PKM","A","2012",17826,
"POL","PASSTRANSP","RAIL","MLN_PKM","A","2013",16797,
"POL","PASSTRANSP","RAIL","MLN_PKM","A","2014",16015,
"POL","PASSTRANSP","RAIL","MLN_PKM","A","2015",17367,
"POL","PASSTRANSP","RAIL","MLN_PKM","A","2016",19175,
"POL","PASSTRANSP","RAIL","MLN_PKM","A","2017",20319,
"POL","PASSTRANSP","RAIL","MLN_PKM","A","2018",21043,
"POL","PASSTRANSP","RAIL","MLN_PKM","A","2019",22056,
"PRT","PASSTRANSP","RAIL","MLN_PKM","A","1995",4869,
"PRT","PASSTRANSP","RAIL","MLN_PKM","A","1996",4503,
"PRT","PASSTRANSP","RAIL","MLN_PKM","A","1997",4563,
"PRT","PASSTRANSP","RAIL","MLN_PKM","A","1998",4602,
"PRT","PASSTRANSP","RAIL","MLN_PKM","A","1999",4380,
"PRT","PASSTRANSP","RAIL","MLN_PKM","A","2000",3834,
"PRT","PASSTRANSP","RAIL","MLN_PKM","A","2001",3899,
"PRT","PASSTRANSP","RAIL","MLN_PKM","A","2002",3926,
"PRT","PASSTRANSP","RAIL","MLN_PKM","A","2003",3585,
"PRT","PASSTRANSP","RAIL","MLN_PKM","A","2004",3633,
"PRT","PASSTRANSP","RAIL","MLN_PKM","A","2005",3753,
"PRT","PASSTRANSP","RAIL","MLN_PKM","A","2006",3876,
"PRT","PASSTRANSP","RAIL","MLN_PKM","A","2007",3987,
"PRT","PASSTRANSP","RAIL","MLN_PKM","A","2008",4213,
"PRT","PASSTRANSP","RAIL","MLN_PKM","A","2009",4152,
"PRT","PASSTRANSP","RAIL","MLN_PKM","A","2010",4111,
"PRT","PASSTRANSP","RAIL","MLN_PKM","A","2011",4143,
"PRT","PASSTRANSP","RAIL","MLN_PKM","A","2012",3803,
"PRT","PASSTRANSP","RAIL","MLN_PKM","A","2013",3649,
"PRT","PASSTRANSP","RAIL","MLN_PKM","A","2014",3852,
"PRT","PASSTRANSP","RAIL","MLN_PKM","A","2015",3957,
"PRT","PASSTRANSP","RAIL","MLN_PKM","A","2016",4146,
"PRT","PASSTRANSP","RAIL","MLN_PKM","A","2017",4391,
"PRT","PASSTRANSP","RAIL","MLN_PKM","A","2018",4487,
"PRT","PASSTRANSP","RAIL","MLN_PKM","A","2019",4964.014,
"SVK","PASSTRANSP","RAIL","MLN_PKM","A","1995",4202,
"SVK","PASSTRANSP","RAIL","MLN_PKM","A","1996",3769,
"SVK","PASSTRANSP","RAIL","MLN_PKM","A","1997",3057,
"SVK","PASSTRANSP","RAIL","MLN_PKM","A","1998",3092,
"SVK","PASSTRANSP","RAIL","MLN_PKM","A","1999",2968,
"SVK","PASSTRANSP","RAIL","MLN_PKM","A","2000",2870,
"SVK","PASSTRANSP","RAIL","MLN_PKM","A","2001",2805,
"SVK","PASSTRANSP","RAIL","MLN_PKM","A","2002",2682,
"SVK","PASSTRANSP","RAIL","MLN_PKM","A","2003",2316,
"SVK","PASSTRANSP","RAIL","MLN_PKM","A","2004",2228,
"SVK","PASSTRANSP","RAIL","MLN_PKM","A","2005",2182,
"SVK","PASSTRANSP","RAIL","MLN_PKM","A","2006",2213,
"SVK","PASSTRANSP","RAIL","MLN_PKM","A","2007",2165,
"SVK","PASSTRANSP","RAIL","MLN_PKM","A","2008",2296,
"SVK","PASSTRANSP","RAIL","MLN_PKM","A","2009",2264,
"SVK","PASSTRANSP","RAIL","MLN_PKM","A","2010",2309,
"SVK","PASSTRANSP","RAIL","MLN_PKM","A","2011",2431,
"SVK","PASSTRANSP","RAIL","MLN_PKM","A","2012",2459,
"SVK","PASSTRANSP","RAIL","MLN_PKM","A","2013",2485,
"SVK","PASSTRANSP","RAIL","MLN_PKM","A","2014",2583,
"SVK","PASSTRANSP","RAIL","MLN_PKM","A","2015",3411,
"SVK","PASSTRANSP","RAIL","MLN_PKM","A","2016",3595,
"SVK","PASSTRANSP","RAIL","MLN_PKM","A","2017",3873,
"SVK","PASSTRANSP","RAIL","MLN_PKM","A","2018",3915,
"SVK","PASSTRANSP","RAIL","MLN_PKM","A","2019",4093,
"ESP","PASSTRANSP","RAIL","MLN_PKM","A","1995",16594,
"ESP","PASSTRANSP","RAIL","MLN_PKM","A","1996",16800,
"ESP","PASSTRANSP","RAIL","MLN_PKM","A","1997",17878,
"ESP","PASSTRANSP","RAIL","MLN_PKM","A","1998",18869,
"ESP","PASSTRANSP","RAIL","MLN_PKM","A","1999",19655,
"ESP","PASSTRANSP","RAIL","MLN_PKM","A","2000",20144,
"ESP","PASSTRANSP","RAIL","MLN_PKM","A","2001",20828,
"ESP","PASSTRANSP","RAIL","MLN_PKM","A","2002",21211,
"ESP","PASSTRANSP","RAIL","MLN_PKM","A","2003",21127,
"ESP","PASSTRANSP","RAIL","MLN_PKM","A","2004",20386,
"ESP","PASSTRANSP","RAIL","MLN_PKM","A","2005",21624,
"ESP","PASSTRANSP","RAIL","MLN_PKM","A","2006",22105,
"ESP","PASSTRANSP","RAIL","MLN_PKM","A","2007",21857,
"ESP","PASSTRANSP","RAIL","MLN_PKM","A","2008",23969,
"ESP","PASSTRANSP","RAIL","MLN_PKM","A","2009",23137,
"ESP","PASSTRANSP","RAIL","MLN_PKM","A","2010",22456,
"ESP","PASSTRANSP","RAIL","MLN_PKM","A","2011",22795,
"ESP","PASSTRANSP","RAIL","MLN_PKM","A","2012",22476,
"ESP","PASSTRANSP","RAIL","MLN_PKM","A","2013",23788,
"ESP","PASSTRANSP","RAIL","MLN_PKM","A","2014",25072,
"ESP","PASSTRANSP","RAIL","MLN_PKM","A","2015",26142,
"ESP","PASSTRANSP","RAIL","MLN_PKM","A","2016",26670,
"ESP","PASSTRANSP","RAIL","MLN_PKM","A","2017",27487,
"ESP","PASSTRANSP","RAIL","MLN_PKM","A","2018",28434,
"ESP","PASSTRANSP","RAIL","MLN_PKM","A","2019",27263,
"SWE","PASSTRANSP","RAIL","MLN_PKM","A","1995",6833,
"SWE","PASSTRANSP","RAIL","MLN_PKM","A","1996",6953,
"SWE","PASSTRANSP","RAIL","MLN_PKM","A","1997",7022,
"SWE","PASSTRANSP","RAIL","MLN_PKM","A","1998",7210,
"SWE","PASSTRANSP","RAIL","MLN_PKM","A","1999",7701,
"SWE","PASSTRANSP","RAIL","MLN_PKM","A","2000",8243,
"SWE","PASSTRANSP","RAIL","MLN_PKM","A","2001",8732,
"SWE","PASSTRANSP","RAIL","MLN_PKM","A","2002",8874,
"SWE","PASSTRANSP","RAIL","MLN_PKM","A","2003",8834,
"SWE","PASSTRANSP","RAIL","MLN_PKM","A","2004",8658,
"SWE","PASSTRANSP","RAIL","MLN_PKM","A","2005",8936,
"SWE","PASSTRANSP","RAIL","MLN_PKM","A","2006",9617,
"SWE","PASSTRANSP","RAIL","MLN_PKM","A","2007",10261,
"SWE","PASSTRANSP","RAIL","MLN_PKM","A","2008",11146,
"SWE","PASSTRANSP","RAIL","MLN_PKM","A","2009",11321,
"SWE","PASSTRANSP","RAIL","MLN_PKM","A","2010",11155,
"SWE","PASSTRANSP","RAIL","MLN_PKM","A","2011",11378,
"SWE","PASSTRANSP","RAIL","MLN_PKM","A","2012",11792,
"SWE","PASSTRANSP","RAIL","MLN_PKM","A","2013",11842,
"SWE","PASSTRANSP","RAIL","MLN_PKM","A","2014",12121,
"SWE","PASSTRANSP","RAIL","MLN_PKM","A","2015",12650,
"SWE","PASSTRANSP","RAIL","MLN_PKM","A","2016",12800,
"SWE","PASSTRANSP","RAIL","MLN_PKM","A","2017",13331,
"SWE","PASSTRANSP","RAIL","MLN_PKM","A","2018",13546.798247255,
"SWE","PASSTRANSP","RAIL","MLN_PKM","A","2019",14617.207234121,
"CHE","PASSTRANSP","RAIL","MLN_PKM","A","1995",11713,"B"
"CHE","PASSTRANSP","RAIL","MLN_PKM","A","1996",11890,
"CHE","PASSTRANSP","RAIL","MLN_PKM","A","1997",12051,
"CHE","PASSTRANSP","RAIL","MLN_PKM","A","1998",12148,
"CHE","PASSTRANSP","RAIL","MLN_PKM","A","1999",12501,
"CHE","PASSTRANSP","RAIL","MLN_PKM","A","2000",12620,
"CHE","PASSTRANSP","RAIL","MLN_PKM","A","2001",13301,
"CHE","PASSTRANSP","RAIL","MLN_PKM","A","2002",14147,
"CHE","PASSTRANSP","RAIL","MLN_PKM","A","2003",14509,
"CHE","PASSTRANSP","RAIL","MLN_PKM","A","2004",14914,
"CHE","PASSTRANSP","RAIL","MLN_PKM","A","2005",16144,
"CHE","PASSTRANSP","RAIL","MLN_PKM","A","2006",16578,
"CHE","PASSTRANSP","RAIL","MLN_PKM","A","2007",17434,
"CHE","PASSTRANSP","RAIL","MLN_PKM","A","2008",17776,
"CHE","PASSTRANSP","RAIL","MLN_PKM","A","2009",18571,
"CHE","PASSTRANSP","RAIL","MLN_PKM","A","2010",19177,
"CHE","PASSTRANSP","RAIL","MLN_PKM","A","2011",19471,
"CHE","PASSTRANSP","RAIL","MLN_PKM","A","2012",19262,
"CHE","PASSTRANSP","RAIL","MLN_PKM","A","2013",19447,
"CHE","PASSTRANSP","RAIL","MLN_PKM","A","2014",20010,
"CHE","PASSTRANSP","RAIL","MLN_PKM","A","2015",20389,
"CHE","PASSTRANSP","RAIL","MLN_PKM","A","2016",20812,
"CHE","PASSTRANSP","RAIL","MLN_PKM","A","2017",20864.5,
"CHE","PASSTRANSP","RAIL","MLN_PKM","A","2018",20613,
"CHE","PASSTRANSP","RAIL","MLN_PKM","A","2019",21737,
"TUR","PASSTRANSP","RAIL","MLN_PKM","A","1995",5797,
"TUR","PASSTRANSP","RAIL","MLN_PKM","A","1996",5229,
"TUR","PASSTRANSP","RAIL","MLN_PKM","A","1997",5840,
"TUR","PASSTRANSP","RAIL","MLN_PKM","A","1998",6160,
"TUR","PASSTRANSP","RAIL","MLN_PKM","A","1999",6146,
"TUR","PASSTRANSP","RAIL","MLN_PKM","A","2000",5832,
"TUR","PASSTRANSP","RAIL","MLN_PKM","A","2001",5568,
"TUR","PASSTRANSP","RAIL","MLN_PKM","A","2002",5204,
"TUR","PASSTRANSP","RAIL","MLN_PKM","A","2003",5878,
"TUR","PASSTRANSP","RAIL","MLN_PKM","A","2004",5163,
"TUR","PASSTRANSP","RAIL","MLN_PKM","A","2005",5036,
"TUR","PASSTRANSP","RAIL","MLN_PKM","A","2006",5277,
"TUR","PASSTRANSP","RAIL","MLN_PKM","A","2007",5553,
"TUR","PASSTRANSP","RAIL","MLN_PKM","A","2008",5097,
"TUR","PASSTRANSP","RAIL","MLN_PKM","A","2009",5374,
"TUR","PASSTRANSP","RAIL","MLN_PKM","A","2010",5584,
"TUR","PASSTRANSP","RAIL","MLN_PKM","A","2011",7122,
"TUR","PASSTRANSP","RAIL","MLN_PKM","A","2012",6361,
"TUR","PASSTRANSP","RAIL","MLN_PKM","A","2013",6225,
"TUR","PASSTRANSP","RAIL","MLN_PKM","A","2014",7401,
"TUR","PASSTRANSP","RAIL","MLN_PKM","A","2015",8326,
"TUR","PASSTRANSP","RAIL","MLN_PKM","A","2016",7829,
"TUR","PASSTRANSP","RAIL","MLN_PKM","A","2017",8465,
"TUR","PASSTRANSP","RAIL","MLN_PKM","A","2018",8938,
"TUR","PASSTRANSP","RAIL","MLN_PKM","A","2019",14259,
"GBR","PASSTRANSP","RAIL","MLN_PKM","A","1995",37200,
"GBR","PASSTRANSP","RAIL","MLN_PKM","A","1996",39200,
"GBR","PASSTRANSP","RAIL","MLN_PKM","A","1997",42200,
"GBR","PASSTRANSP","RAIL","MLN_PKM","A","1998",44100,
"GBR","PASSTRANSP","RAIL","MLN_PKM","A","1999",46800,
"GBR","PASSTRANSP","RAIL","MLN_PKM","A","2000",46506.213654,
"GBR","PASSTRANSP","RAIL","MLN_PKM","A","2001",47471.882913,
"GBR","PASSTRANSP","RAIL","MLN_PKM","A","2002",47992.683913,
"GBR","PASSTRANSP","RAIL","MLN_PKM","A","2003",49224.35476,
"GBR","PASSTRANSP","RAIL","MLN_PKM","A","2004",50373.778283639,
"GBR","PASSTRANSP","RAIL","MLN_PKM","A","2005",51363.238861198,
"GBR","PASSTRANSP","RAIL","MLN_PKM","A","2006",54338.616342653,
"GBR","PASSTRANSP","RAIL","MLN_PKM","A","2007",57876.835498737,
"GBR","PASSTRANSP","RAIL","MLN_PKM","A","2008",60522.257647799,
"GBR","PASSTRANSP","RAIL","MLN_PKM","A","2009",60166.955404915,
"GBR","PASSTRANSP","RAIL","MLN_PKM","A","2010",63505.009755806,
"GBR","PASSTRANSP","RAIL","MLN_PKM","A","2011",66801.444358355,
"GBR","PASSTRANSP","RAIL","MLN_PKM","A","2012",69686.077677926,
"GBR","PASSTRANSP","RAIL","MLN_PKM","A","2013",71091.617132869,
"GBR","PASSTRANSP","RAIL","MLN_PKM","A","2014",74261.865978851,
"GBR","PASSTRANSP","RAIL","MLN_PKM","A","2015",76787.835241515,
"GBR","PASSTRANSP","RAIL","MLN_PKM","A","2016",78695.91249783,
"GBR","PASSTRANSP","RAIL","MLN_PKM","A","2017",80260.893253627,
"GBR","PASSTRANSP","RAIL","MLN_PKM","A","2018",80526.378370105,
"USA","PASSTRANSP","RAIL","MLN_PKM","A","1995",22079.197517351,
"USA","PASSTRANSP","RAIL","MLN_PKM","A","1996",21865.609594934,
"USA","PASSTRANSP","RAIL","MLN_PKM","A","1997",22746.357703048,
"USA","PASSTRANSP","RAIL","MLN_PKM","A","1998",23490.391327033,
"USA","PASSTRANSP","RAIL","MLN_PKM","A","1999",23910.674990425,
"USA","PASSTRANSP","RAIL","MLN_PKM","A","2000",25977.28144892,
"USA","PASSTRANSP","RAIL","MLN_PKM","A","2001",25198.095303748,
"USA","PASSTRANSP","RAIL","MLN_PKM","A","2002",24409.622511445,
"USA","PASSTRANSP","RAIL","MLN_PKM","A","2003",25044.071809908,
"USA","PASSTRANSP","RAIL","MLN_PKM","A","2004",24776.56200888,
"USA","PASSTRANSP","RAIL","MLN_PKM","A","2005",25393.591629483,
"USA","PASSTRANSP","RAIL","MLN_PKM","A","2006",27296.432407703,
"USA","PASSTRANSP","RAIL","MLN_PKM","A","2007",30357.906712861,
"USA","PASSTRANSP","RAIL","MLN_PKM","A","2008",32143.406016433,
"USA","PASSTRANSP","RAIL","MLN_PKM","A","2009",30906.931637514,
"USA","PASSTRANSP","RAIL","MLN_PKM","A","2010",31871.671919151,
"USA","PASSTRANSP","RAIL","MLN_PKM","A","2011",32579.510200833,
"USA","PASSTRANSP","RAIL","MLN_PKM","A","2012",34125.70065511,
"USA","PASSTRANSP","RAIL","MLN_PKM","A","2013",36047.104941171,
"USA","PASSTRANSP","RAIL","MLN_PKM","A","2014",36393.106488533,
"USA","PASSTRANSP","RAIL","MLN_PKM","A","2015",36043.875681391,
"USA","PASSTRANSP","RAIL","MLN_PKM","A","2016",35892.157355569,
"USA","PASSTRANSP","RAIL","MLN_PKM","A","2017",33255.54260666,
"USA","PASSTRANSP","RAIL","MLN_PKM","A","2018",31962.706636735,
"USA","PASSTRANSP","RAIL","MLN_PKM","A","2019",32483,
"ALB","PASSTRANSP","RAIL","MLN_PKM","A","1995",197,
"ALB","PASSTRANSP","RAIL","MLN_PKM","A","1996",168,
"ALB","PASSTRANSP","RAIL","MLN_PKM","A","1997",95,
"ALB","PASSTRANSP","RAIL","MLN_PKM","A","1998",116,
"ALB","PASSTRANSP","RAIL","MLN_PKM","A","1999",121,
"ALB","PASSTRANSP","RAIL","MLN_PKM","A","2000",125,
"ALB","PASSTRANSP","RAIL","MLN_PKM","A","2001",138,
"ALB","PASSTRANSP","RAIL","MLN_PKM","A","2002",123,
"ALB","PASSTRANSP","RAIL","MLN_PKM","A","2003",105,
"ALB","PASSTRANSP","RAIL","MLN_PKM","A","2004",89,
"ALB","PASSTRANSP","RAIL","MLN_PKM","A","2005",73,
"ALB","PASSTRANSP","RAIL","MLN_PKM","A","2006",80,
"ALB","PASSTRANSP","RAIL","MLN_PKM","A","2007",51,
"ALB","PASSTRANSP","RAIL","MLN_PKM","A","2008",41,
"ALB","PASSTRANSP","RAIL","MLN_PKM","A","2009",32,
"ALB","PASSTRANSP","RAIL","MLN_PKM","A","2010",19,
"ALB","PASSTRANSP","RAIL","MLN_PKM","A","2011",18,
"ALB","PASSTRANSP","RAIL","MLN_PKM","A","2012",16,
"ALB","PASSTRANSP","RAIL","MLN_PKM","A","2013",12,
"ALB","PASSTRANSP","RAIL","MLN_PKM","A","2014",7.714,
"ALB","PASSTRANSP","RAIL","MLN_PKM","A","2015",6.99,
"ALB","PASSTRANSP","RAIL","MLN_PKM","A","2016",3.2,
"ALB","PASSTRANSP","RAIL","MLN_PKM","A","2017",2.4,
"ALB","PASSTRANSP","RAIL","MLN_PKM","A","2018",2.7,
"ALB","PASSTRANSP","RAIL","MLN_PKM","A","2019",2,
"ARM","PASSTRANSP","RAIL","MLN_PKM","A","1997",84,
"ARM","PASSTRANSP","RAIL","MLN_PKM","A","1998",52,
"ARM","PASSTRANSP","RAIL","MLN_PKM","A","1999",46,
"ARM","PASSTRANSP","RAIL","MLN_PKM","A","2000",47,
"ARM","PASSTRANSP","RAIL","MLN_PKM","A","2001",47,
"ARM","PASSTRANSP","RAIL","MLN_PKM","A","2002",48,
"ARM","PASSTRANSP","RAIL","MLN_PKM","A","2003",41,
"ARM","PASSTRANSP","RAIL","MLN_PKM","A","2004",30,
"ARM","PASSTRANSP","RAIL","MLN_PKM","A","2005",27,
"ARM","PASSTRANSP","RAIL","MLN_PKM","A","2006",28,
"ARM","PASSTRANSP","RAIL","MLN_PKM","A","2007",24,
"ARM","PASSTRANSP","RAIL","MLN_PKM","A","2008",24,"E"
"ARM","PASSTRANSP","RAIL","MLN_PKM","A","2009",35,"E"
"ARM","PASSTRANSP","RAIL","MLN_PKM","A","2010",50,"E"
"ARM","PASSTRANSP","RAIL","MLN_PKM","A","2011",49,"E"
"ARM","PASSTRANSP","RAIL","MLN_PKM","A","2012",53,"E"
"ARM","PASSTRANSP","RAIL","MLN_PKM","A","2013",55,"E"
"ARM","PASSTRANSP","RAIL","MLN_PKM","A","2014",52,
"ARM","PASSTRANSP","RAIL","MLN_PKM","A","2015",44,
"ARM","PASSTRANSP","RAIL","MLN_PKM","A","2016",50,
"ARM","PASSTRANSP","RAIL","MLN_PKM","A","2017",55,
"AZE","PASSTRANSP","RAIL","MLN_PKM","A","1995",791,
"AZE","PASSTRANSP","RAIL","MLN_PKM","A","1996",558,
"AZE","PASSTRANSP","RAIL","MLN_PKM","A","1997",489,
"AZE","PASSTRANSP","RAIL","MLN_PKM","A","1998",533,
"AZE","PASSTRANSP","RAIL","MLN_PKM","A","1999",422,
"AZE","PASSTRANSP","RAIL","MLN_PKM","A","2000",493,
"AZE","PASSTRANSP","RAIL","MLN_PKM","A","2001",537,
"AZE","PASSTRANSP","RAIL","MLN_PKM","A","2002",584,
"AZE","PASSTRANSP","RAIL","MLN_PKM","A","2003",654,
"AZE","PASSTRANSP","RAIL","MLN_PKM","A","2004",789,
"AZE","PASSTRANSP","RAIL","MLN_PKM","A","2005",878,
"AZE","PASSTRANSP","RAIL","MLN_PKM","A","2006",964,
"AZE","PASSTRANSP","RAIL","MLN_PKM","A","2007",1108,
"AZE","PASSTRANSP","RAIL","MLN_PKM","A","2008",1049,
"AZE","PASSTRANSP","RAIL","MLN_PKM","A","2009",1024,
"AZE","PASSTRANSP","RAIL","MLN_PKM","A","2010",917,
"AZE","PASSTRANSP","RAIL","MLN_PKM","A","2011",660,
"AZE","PASSTRANSP","RAIL","MLN_PKM","A","2012",591,
"AZE","PASSTRANSP","RAIL","MLN_PKM","A","2013",609,
"AZE","PASSTRANSP","RAIL","MLN_PKM","A","2014",612,
"AZE","PASSTRANSP","RAIL","MLN_PKM","A","2015",495,
"AZE","PASSTRANSP","RAIL","MLN_PKM","A","2016",448,
"AZE","PASSTRANSP","RAIL","MLN_PKM","A","2017",467,
"AZE","PASSTRANSP","RAIL","MLN_PKM","A","2018",466,
"AZE","PASSTRANSP","RAIL","MLN_PKM","A","2019",544,
"BLR","PASSTRANSP","RAIL","MLN_PKM","A","1995",12505,
"BLR","PASSTRANSP","RAIL","MLN_PKM","A","1996",11657,
"BLR","PASSTRANSP","RAIL","MLN_PKM","A","1997",12909,
"BLR","PASSTRANSP","RAIL","MLN_PKM","A","1998",13268,
"BLR","PASSTRANSP","RAIL","MLN_PKM","A","1999",16874,
"BLR","PASSTRANSP","RAIL","MLN_PKM","A","2000",17722,
"BLR","PASSTRANSP","RAIL","MLN_PKM","A","2001",15264,
"BLR","PASSTRANSP","RAIL","MLN_PKM","A","2002",14349,
"BLR","PASSTRANSP","RAIL","MLN_PKM","A","2003",13308,
"BLR","PASSTRANSP","RAIL","MLN_PKM","A","2004",13893,
"BLR","PASSTRANSP","RAIL","MLN_PKM","A","2005",10351,
"BLR","PASSTRANSP","RAIL","MLN_PKM","A","2006",9968,
"BLR","PASSTRANSP","RAIL","MLN_PKM","A","2007",9366,
"BLR","PASSTRANSP","RAIL","MLN_PKM","A","2008",8188,
"BLR","PASSTRANSP","RAIL","MLN_PKM","A","2009",7401,
"BLR","PASSTRANSP","RAIL","MLN_PKM","A","2010",7578,
"BLR","PASSTRANSP","RAIL","MLN_PKM","A","2011",7941,
"BLR","PASSTRANSP","RAIL","MLN_PKM","A","2012",8977,
"BLR","PASSTRANSP","RAIL","MLN_PKM","A","2013",8998,
"BLR","PASSTRANSP","RAIL","MLN_PKM","A","2014",7796,
"BLR","PASSTRANSP","RAIL","MLN_PKM","A","2015",7117,
"BLR","PASSTRANSP","RAIL","MLN_PKM","A","2016",6428,
"BLR","PASSTRANSP","RAIL","MLN_PKM","A","2017",6295,
"BLR","PASSTRANSP","RAIL","MLN_PKM","A","2018",6215,
"BLR","PASSTRANSP","RAIL","MLN_PKM","A","2019",6274,
"BIH","PASSTRANSP","RAIL","MLN_PKM","A","1995",65,
"BIH","PASSTRANSP","RAIL","MLN_PKM","A","1996",30,
"BIH","PASSTRANSP","RAIL","MLN_PKM","A","1997",6,
"BIH","PASSTRANSP","RAIL","MLN_PKM","A","1998",4,
"BIH","PASSTRANSP","RAIL","MLN_PKM","A","1999",41,
"BIH","PASSTRANSP","RAIL","MLN_PKM","A","2000",38,
"BIH","PASSTRANSP","RAIL","MLN_PKM","A","2001",41,
"BIH","PASSTRANSP","RAIL","MLN_PKM","A","2002",38,
"BIH","PASSTRANSP","RAIL","MLN_PKM","A","2003",36,
"BIH","PASSTRANSP","RAIL","MLN_PKM","A","2004",34,
"BIH","PASSTRANSP","RAIL","MLN_PKM","A","2005",34,
"BIH","PASSTRANSP","RAIL","MLN_PKM","A","2006",36,
"BIH","PASSTRANSP","RAIL","MLN_PKM","A","2007",61,
"BIH","PASSTRANSP","RAIL","MLN_PKM","A","2008",78,
"BIH","PASSTRANSP","RAIL","MLN_PKM","A","2009",61,
"BIH","PASSTRANSP","RAIL","MLN_PKM","A","2010",59,
"BIH","PASSTRANSP","RAIL","MLN_PKM","A","2011",100,
"BIH","PASSTRANSP","RAIL","MLN_PKM","A","2012",54,
"BIH","PASSTRANSP","RAIL","MLN_PKM","A","2013",40,
"BIH","PASSTRANSP","RAIL","MLN_PKM","A","2014",35,
"BIH","PASSTRANSP","RAIL","MLN_PKM","A","2015",34,
"BIH","PASSTRANSP","RAIL","MLN_PKM","A","2016",24,
"BIH","PASSTRANSP","RAIL","MLN_PKM","A","2017",30,
"BIH","PASSTRANSP","RAIL","MLN_PKM","A","2018",40,
"BIH","PASSTRANSP","RAIL","MLN_PKM","A","2019",55.5,
"BGR","PASSTRANSP","RAIL","MLN_PKM","A","1995",4693,
"BGR","PASSTRANSP","RAIL","MLN_PKM","A","1996",5065,
"BGR","PASSTRANSP","RAIL","MLN_PKM","A","1997",5886,
"BGR","PASSTRANSP","RAIL","MLN_PKM","A","1998",4740,
"BGR","PASSTRANSP","RAIL","MLN_PKM","A","1999",3819,
"BGR","PASSTRANSP","RAIL","MLN_PKM","A","2000",3472,
"BGR","PASSTRANSP","RAIL","MLN_PKM","A","2001",2990,
"BGR","PASSTRANSP","RAIL","MLN_PKM","A","2002",2598,
"BGR","PASSTRANSP","RAIL","MLN_PKM","A","2003",2517,
"BGR","PASSTRANSP","RAIL","MLN_PKM","A","2004",2404,
"BGR","PASSTRANSP","RAIL","MLN_PKM","A","2005",2389,
"BGR","PASSTRANSP","RAIL","MLN_PKM","A","2006",2422,
"BGR","PASSTRANSP","RAIL","MLN_PKM","A","2007",2424,
"BGR","PASSTRANSP","RAIL","MLN_PKM","A","2008",2335,
"BGR","PASSTRANSP","RAIL","MLN_PKM","A","2009",2144,
"BGR","PASSTRANSP","RAIL","MLN_PKM","A","2010",2100,
"BGR","PASSTRANSP","RAIL","MLN_PKM","A","2011",2068,
"BGR","PASSTRANSP","RAIL","MLN_PKM","A","2012",1876,
"BGR","PASSTRANSP","RAIL","MLN_PKM","A","2013",1826,
"BGR","PASSTRANSP","RAIL","MLN_PKM","A","2014",1702,
"BGR","PASSTRANSP","RAIL","MLN_PKM","A","2015",1552,
"BGR","PASSTRANSP","RAIL","MLN_PKM","A","2016",1458,
"BGR","PASSTRANSP","RAIL","MLN_PKM","A","2017",1438,
"BGR","PASSTRANSP","RAIL","MLN_PKM","A","2018",1479,
"BGR","PASSTRANSP","RAIL","MLN_PKM","A","2019",1523.8,
"CHN","PASSTRANSP","RAIL","MLN_PKM","A","1995",354570,
"CHN","PASSTRANSP","RAIL","MLN_PKM","A","1996",334760,
"CHN","PASSTRANSP","RAIL","MLN_PKM","A","1997",358486,
"CHN","PASSTRANSP","RAIL","MLN_PKM","A","1998",377342,
"CHN","PASSTRANSP","RAIL","MLN_PKM","A","1999",413590,
"CHN","PASSTRANSP","RAIL","MLN_PKM","A","2000",453259,
"CHN","PASSTRANSP","RAIL","MLN_PKM","A","2001",476682,
"CHN","PASSTRANSP","RAIL","MLN_PKM","A","2002",496940,
"CHN","PASSTRANSP","RAIL","MLN_PKM","A","2003",478861,
"CHN","PASSTRANSP","RAIL","MLN_PKM","A","2004",571220,
"CHN","PASSTRANSP","RAIL","MLN_PKM","A","2005",606196,
"CHN","PASSTRANSP","RAIL","MLN_PKM","A","2006",662212,
"CHN","PASSTRANSP","RAIL","MLN_PKM","A","2007",721631,
"CHN","PASSTRANSP","RAIL","MLN_PKM","A","2008",777860,
"CHN","PASSTRANSP","RAIL","MLN_PKM","A","2009",787889,
"CHN","PASSTRANSP","RAIL","MLN_PKM","A","2010",876218,
"CHN","PASSTRANSP","RAIL","MLN_PKM","A","2011",961229,
"CHN","PASSTRANSP","RAIL","MLN_PKM","A","2012",981233,
"CHN","PASSTRANSP","RAIL","MLN_PKM","A","2013",1059560,
"CHN","PASSTRANSP","RAIL","MLN_PKM","A","2014",1124190,
"CHN","PASSTRANSP","RAIL","MLN_PKM","A","2015",1196060,
"CHN","PASSTRANSP","RAIL","MLN_PKM","A","2016",1257930,
"CHN","PASSTRANSP","RAIL","MLN_PKM","A","2017",1345690,
"CHN","PASSTRANSP","RAIL","MLN_PKM","A","2018",1414660,
"HRV","PASSTRANSP","RAIL","MLN_PKM","A","1995",1139,
"HRV","PASSTRANSP","RAIL","MLN_PKM","A","1996",1205,
"HRV","PASSTRANSP","RAIL","MLN_PKM","A","1997",1158,
"HRV","PASSTRANSP","RAIL","MLN_PKM","A","1998",1092,
"HRV","PASSTRANSP","RAIL","MLN_PKM","A","1999",1137,
"HRV","PASSTRANSP","RAIL","MLN_PKM","A","2000",1252,
"HRV","PASSTRANSP","RAIL","MLN_PKM","A","2001",1241,
"HRV","PASSTRANSP","RAIL","MLN_PKM","A","2002",1195,
"HRV","PASSTRANSP","RAIL","MLN_PKM","A","2003",1163,
"HRV","PASSTRANSP","RAIL","MLN_PKM","A","2004",1213,
"HRV","PASSTRANSP","RAIL","MLN_PKM","A","2005",1266,
"HRV","PASSTRANSP","RAIL","MLN_PKM","A","2006",1362,
"HRV","PASSTRANSP","RAIL","MLN_PKM","A","2007",1611,
"HRV","PASSTRANSP","RAIL","MLN_PKM","A","2008",1810,
"HRV","PASSTRANSP","RAIL","MLN_PKM","A","2009",1835,
"HRV","PASSTRANSP","RAIL","MLN_PKM","A","2010",1742,
"HRV","PASSTRANSP","RAIL","MLN_PKM","A","2011",1486,
"HRV","PASSTRANSP","RAIL","MLN_PKM","A","2012",1104,
"HRV","PASSTRANSP","RAIL","MLN_PKM","A","2013",948,
"HRV","PASSTRANSP","RAIL","MLN_PKM","A","2014",927,
"HRV","PASSTRANSP","RAIL","MLN_PKM","A","2015",951,
"HRV","PASSTRANSP","RAIL","MLN_PKM","A","2016",836,
"HRV","PASSTRANSP","RAIL","MLN_PKM","A","2017",745,
"HRV","PASSTRANSP","RAIL","MLN_PKM","A","2018",756,
"HRV","PASSTRANSP","RAIL","MLN_PKM","A","2019",734,
"EST","PASSTRANSP","RAIL","MLN_PKM","A","1995",421,
"EST","PASSTRANSP","RAIL","MLN_PKM","A","1996",309,
"EST","PASSTRANSP","RAIL","MLN_PKM","A","1997",262,
"EST","PASSTRANSP","RAIL","MLN_PKM","A","1998",236,
"EST","PASSTRANSP","RAIL","MLN_PKM","A","1999",238,
"EST","PASSTRANSP","RAIL","MLN_PKM","A","2000",263,
"EST","PASSTRANSP","RAIL","MLN_PKM","A","2001",182,
"EST","PASSTRANSP","RAIL","MLN_PKM","A","2002",178,
"EST","PASSTRANSP","RAIL","MLN_PKM","A","2003",181,
"EST","PASSTRANSP","RAIL","MLN_PKM","A","2004",192,
"EST","PASSTRANSP","RAIL","MLN_PKM","A","2005",247,
"EST","PASSTRANSP","RAIL","MLN_PKM","A","2006",256,
"EST","PASSTRANSP","RAIL","MLN_PKM","A","2007",272,
"EST","PASSTRANSP","RAIL","MLN_PKM","A","2008",274,
"EST","PASSTRANSP","RAIL","MLN_PKM","A","2009",249,
"EST","PASSTRANSP","RAIL","MLN_PKM","A","2010",248,
"EST","PASSTRANSP","RAIL","MLN_PKM","A","2011",241,
"EST","PASSTRANSP","RAIL","MLN_PKM","A","2012",236,
"EST","PASSTRANSP","RAIL","MLN_PKM","A","2013",225,
"EST","PASSTRANSP","RAIL","MLN_PKM","A","2014",282,
"EST","PASSTRANSP","RAIL","MLN_PKM","A","2015",289,
"EST","PASSTRANSP","RAIL","MLN_PKM","A","2016",316,
"EST","PASSTRANSP","RAIL","MLN_PKM","A","2017",367,
"EST","PASSTRANSP","RAIL","MLN_PKM","A","2018",417,
"EST","PASSTRANSP","RAIL","MLN_PKM","A","2019",392,
"GEO","PASSTRANSP","RAIL","MLN_PKM","A","1995",371,
"GEO","PASSTRANSP","RAIL","MLN_PKM","A","1996",380,
"GEO","PASSTRANSP","RAIL","MLN_PKM","A","1997",294,
"GEO","PASSTRANSP","RAIL","MLN_PKM","A","1998",397,
"GEO","PASSTRANSP","RAIL","MLN_PKM","A","1999",349,
"GEO","PASSTRANSP","RAIL","MLN_PKM","A","2000",453,
"GEO","PASSTRANSP","RAIL","MLN_PKM","A","2001",401,
"GEO","PASSTRANSP","RAIL","MLN_PKM","A","2002",401,
"GEO","PASSTRANSP","RAIL","MLN_PKM","A","2003",396,
"GEO","PASSTRANSP","RAIL","MLN_PKM","A","2004",614,
"GEO","PASSTRANSP","RAIL","MLN_PKM","A","2005",713,
"GEO","PASSTRANSP","RAIL","MLN_PKM","A","2006",808,
"GEO","PASSTRANSP","RAIL","MLN_PKM","A","2007",773,
"GEO","PASSTRANSP","RAIL","MLN_PKM","A","2008",674,
"GEO","PASSTRANSP","RAIL","MLN_PKM","A","2009",626,
"GEO","PASSTRANSP","RAIL","MLN_PKM","A","2010",654,
"GEO","PASSTRANSP","RAIL","MLN_PKM","A","2011",641,
"GEO","PASSTRANSP","RAIL","MLN_PKM","A","2012",625,
"GEO","PASSTRANSP","RAIL","MLN_PKM","A","2013",585,
"GEO","PASSTRANSP","RAIL","MLN_PKM","A","2014",550,
"GEO","PASSTRANSP","RAIL","MLN_PKM","A","2015",464.6,
"GEO","PASSTRANSP","RAIL","MLN_PKM","A","2016",544.5,
"GEO","PASSTRANSP","RAIL","MLN_PKM","A","2017",596.7,
"GEO","PASSTRANSP","RAIL","MLN_PKM","A","2018",633.6,
"GEO","PASSTRANSP","RAIL","MLN_PKM","A","2019",674.7,
"IND","PASSTRANSP","RAIL","MLN_PKM","A","1995",342000,
"IND","PASSTRANSP","RAIL","MLN_PKM","A","1996",357010,
"IND","PASSTRANSP","RAIL","MLN_PKM","A","1997",379900,
"IND","PASSTRANSP","RAIL","MLN_PKM","A","1998",403880,
"IND","PASSTRANSP","RAIL","MLN_PKM","A","1999",430670,
"IND","PASSTRANSP","RAIL","MLN_PKM","A","2000",458000,
"IND","PASSTRANSP","RAIL","MLN_PKM","A","2001",490900,
"IND","PASSTRANSP","RAIL","MLN_PKM","A","2002",515000,
"IND","PASSTRANSP","RAIL","MLN_PKM","A","2003",541200,
"IND","PASSTRANSP","RAIL","MLN_PKM","A","2004",575700,
"IND","PASSTRANSP","RAIL","MLN_PKM","A","2005",615614,
"IND","PASSTRANSP","RAIL","MLN_PKM","A","2006",695764,
"IND","PASSTRANSP","RAIL","MLN_PKM","A","2007",769956,
"IND","PASSTRANSP","RAIL","MLN_PKM","A","2008",838032,
"IND","PASSTRANSP","RAIL","MLN_PKM","A","2009",903465,
"IND","PASSTRANSP","RAIL","MLN_PKM","A","2010",978508,
"IND","PASSTRANSP","RAIL","MLN_PKM","A","2011",1046522,
"IND","PASSTRANSP","RAIL","MLN_PKM","A","2012",1098103,
"IND","PASSTRANSP","RAIL","MLN_PKM","A","2013",1140412,
"IND","PASSTRANSP","RAIL","MLN_PKM","A","2014",1147190,
"IND","PASSTRANSP","RAIL","MLN_PKM","A","2015",1143039,
"IND","PASSTRANSP","RAIL","MLN_PKM","A","2016",1149835,
"IND","PASSTRANSP","RAIL","MLN_PKM","A","2017",1161333,"E"
"LVA","PASSTRANSP","RAIL","MLN_PKM","A","1995",1373,
"LVA","PASSTRANSP","RAIL","MLN_PKM","A","1996",1182,
"LVA","PASSTRANSP","RAIL","MLN_PKM","A","1997",1148,
"LVA","PASSTRANSP","RAIL","MLN_PKM","A","1998",1059,
"LVA","PASSTRANSP","RAIL","MLN_PKM","A","1999",984,
"LVA","PASSTRANSP","RAIL","MLN_PKM","A","2000",715,
"LVA","PASSTRANSP","RAIL","MLN_PKM","A","2001",706,
"LVA","PASSTRANSP","RAIL","MLN_PKM","A","2002",744,
"LVA","PASSTRANSP","RAIL","MLN_PKM","A","2003",762,
"LVA","PASSTRANSP","RAIL","MLN_PKM","A","2004",811,
"LVA","PASSTRANSP","RAIL","MLN_PKM","A","2005",894,
"LVA","PASSTRANSP","RAIL","MLN_PKM","A","2006",992,
"LVA","PASSTRANSP","RAIL","MLN_PKM","A","2007",983,
"LVA","PASSTRANSP","RAIL","MLN_PKM","A","2008",951,
"LVA","PASSTRANSP","RAIL","MLN_PKM","A","2009",756,
"LVA","PASSTRANSP","RAIL","MLN_PKM","A","2010",749,
"LVA","PASSTRANSP","RAIL","MLN_PKM","A","2011",741,
"LVA","PASSTRANSP","RAIL","MLN_PKM","A","2012",725,
"LVA","PASSTRANSP","RAIL","MLN_PKM","A","2013",729,
"LVA","PASSTRANSP","RAIL","MLN_PKM","A","2014",649,
"LVA","PASSTRANSP","RAIL","MLN_PKM","A","2015",591,
"LVA","PASSTRANSP","RAIL","MLN_PKM","A","2016",584,
"LVA","PASSTRANSP","RAIL","MLN_PKM","A","2017",596,
"LVA","PASSTRANSP","RAIL","MLN_PKM","A","2018",624,
"LVA","PASSTRANSP","RAIL","MLN_PKM","A","2019",643,
"LIE","PASSTRANSP","RAIL","MLN_PKM","A","1995",,"M"
"LIE","PASSTRANSP","RAIL","MLN_PKM","A","1996",,"M"
"LIE","PASSTRANSP","RAIL","MLN_PKM","A","1997",,"M"
"LIE","PASSTRANSP","RAIL","MLN_PKM","A","1998",,"M"
"LIE","PASSTRANSP","RAIL","MLN_PKM","A","1999",,"M"
"LIE","PASSTRANSP","RAIL","MLN_PKM","A","2000",,"M"
"LIE","PASSTRANSP","RAIL","MLN_PKM","A","2001",,"M"
"LIE","PASSTRANSP","RAIL","MLN_PKM","A","2002",,"M"
"LIE","PASSTRANSP","RAIL","MLN_PKM","A","2003",,"M"
"LIE","PASSTRANSP","RAIL","MLN_PKM","A","2004",,"M"
"LIE","PASSTRANSP","RAIL","MLN_PKM","A","2005",,"M"
"LIE","PASSTRANSP","RAIL","MLN_PKM","A","2006",,"M"
"LIE","PASSTRANSP","RAIL","MLN_PKM","A","2007",,"M"
"LIE","PASSTRANSP","RAIL","MLN_PKM","A","2008",,"M"
"LIE","PASSTRANSP","RAIL","MLN_PKM","A","2009",,"M"
"LIE","PASSTRANSP","RAIL","MLN_PKM","A","2010",,"M"
"LIE","PASSTRANSP","RAIL","MLN_PKM","A","2011",,"M"
"LIE","PASSTRANSP","RAIL","MLN_PKM","A","2012",,"M"
"LIE","PASSTRANSP","RAIL","MLN_PKM","A","2013",,"M"
"LIE","PASSTRANSP","RAIL","MLN_PKM","A","2014",,"M"
"LIE","PASSTRANSP","RAIL","MLN_PKM","A","2015",,"M"
"LIE","PASSTRANSP","RAIL","MLN_PKM","A","2016",,"M"
"LIE","PASSTRANSP","RAIL","MLN_PKM","A","2017",,"M"
"LIE","PASSTRANSP","RAIL","MLN_PKM","A","2018",,"M"
"LIE","PASSTRANSP","RAIL","MLN_PKM","A","2019",,"M"
"LTU","PASSTRANSP","RAIL","MLN_PKM","A","1995",1130,
"LTU","PASSTRANSP","RAIL","MLN_PKM","A","1996",954,
"LTU","PASSTRANSP","RAIL","MLN_PKM","A","1997",842,
"LTU","PASSTRANSP","RAIL","MLN_PKM","A","1998",800,
"LTU","PASSTRANSP","RAIL","MLN_PKM","A","1999",745,
"LTU","PASSTRANSP","RAIL","MLN_PKM","A","2000",611,
"LTU","PASSTRANSP","RAIL","MLN_PKM","A","2001",533,
"LTU","PASSTRANSP","RAIL","MLN_PKM","A","2002",498,
"LTU","PASSTRANSP","RAIL","MLN_PKM","A","2003",432,
"LTU","PASSTRANSP","RAIL","MLN_PKM","A","2004",443,
"LTU","PASSTRANSP","RAIL","MLN_PKM","A","2005",428,
"LTU","PASSTRANSP","RAIL","MLN_PKM","A","2006",431,
"LTU","PASSTRANSP","RAIL","MLN_PKM","A","2007",409,
"LTU","PASSTRANSP","RAIL","MLN_PKM","A","2008",398,
"LTU","PASSTRANSP","RAIL","MLN_PKM","A","2009",357,
"LTU","PASSTRANSP","RAIL","MLN_PKM","A","2010",373,
"LTU","PASSTRANSP","RAIL","MLN_PKM","A","2011",389,
"LTU","PASSTRANSP","RAIL","MLN_PKM","A","2012",403,
"LTU","PASSTRANSP","RAIL","MLN_PKM","A","2013",391,
"LTU","PASSTRANSP","RAIL","MLN_PKM","A","2014",373,
"LTU","PASSTRANSP","RAIL","MLN_PKM","A","2015",361,
"LTU","PASSTRANSP","RAIL","MLN_PKM","A","2016",396,
"LTU","PASSTRANSP","RAIL","MLN_PKM","A","2017",424,
"LTU","PASSTRANSP","RAIL","MLN_PKM","A","2018",468,
"LTU","PASSTRANSP","RAIL","MLN_PKM","A","2019",479,
"MKD","PASSTRANSP","RAIL","MLN_PKM","A","1995",65,
"MKD","PASSTRANSP","RAIL","MLN_PKM","A","1996",120,
"MKD","PASSTRANSP","RAIL","MLN_PKM","A","1997",141,
"MKD","PASSTRANSP","RAIL","MLN_PKM","A","1998",150,
"MKD","PASSTRANSP","RAIL","MLN_PKM","A","1999",150,
"MKD","PASSTRANSP","RAIL","MLN_PKM","A","2000",176,
"MKD","PASSTRANSP","RAIL","MLN_PKM","A","2001",133,
"MKD","PASSTRANSP","RAIL","MLN_PKM","A","2002",98,
"MKD","PASSTRANSP","RAIL","MLN_PKM","A","2003",92,
"MKD","PASSTRANSP","RAIL","MLN_PKM","A","2004",94,
"MKD","PASSTRANSP","RAIL","MLN_PKM","A","2005",94,
"MKD","PASSTRANSP","RAIL","MLN_PKM","A","2006",105,
"MKD","PASSTRANSP","RAIL","MLN_PKM","A","2007",109,
"MKD","PASSTRANSP","RAIL","MLN_PKM","A","2008",148,
"MKD","PASSTRANSP","RAIL","MLN_PKM","A","2009",154,
"MKD","PASSTRANSP","RAIL","MLN_PKM","A","2010",155,
"MKD","PASSTRANSP","RAIL","MLN_PKM","A","2011",145,
"MKD","PASSTRANSP","RAIL","MLN_PKM","A","2012",99,
"MKD","PASSTRANSP","RAIL","MLN_PKM","A","2013",80,
"MKD","PASSTRANSP","RAIL","MLN_PKM","A","2014",80,
"MKD","PASSTRANSP","RAIL","MLN_PKM","A","2015",178,
"MKD","PASSTRANSP","RAIL","MLN_PKM","A","2016",83,
"MKD","PASSTRANSP","RAIL","MLN_PKM","A","2017",59,
"MKD","PASSTRANSP","RAIL","MLN_PKM","A","2018",64,
"MKD","PASSTRANSP","RAIL","MLN_PKM","A","2019",62,
"MLT","PASSTRANSP","RAIL","MLN_PKM","A","1995",,"M"
"MLT","PASSTRANSP","RAIL","MLN_PKM","A","1996",,"M"
"MLT","PASSTRANSP","RAIL","MLN_PKM","A","1997",,"M"
"MLT","PASSTRANSP","RAIL","MLN_PKM","A","1998",,"M"
"MLT","PASSTRANSP","RAIL","MLN_PKM","A","1999",,"M"
"MLT","PASSTRANSP","RAIL","MLN_PKM","A","2000",,"M"
"MLT","PASSTRANSP","RAIL","MLN_PKM","A","2001",,"M"
"MLT","PASSTRANSP","RAIL","MLN_PKM","A","2002",,"M"
"MLT","PASSTRANSP","RAIL","MLN_PKM","A","2003",,"M"
"MLT","PASSTRANSP","RAIL","MLN_PKM","A","2004",,"M"
"MLT","PASSTRANSP","RAIL","MLN_PKM","A","2005",,"M"
"MLT","PASSTRANSP","RAIL","MLN_PKM","A","2006",,"M"
"MLT","PASSTRANSP","RAIL","MLN_PKM","A","2007",,"M"
"MLT","PASSTRANSP","RAIL","MLN_PKM","A","2008",,"M"
"MLT","PASSTRANSP","RAIL","MLN_PKM","A","2009",,"M"
"MLT","PASSTRANSP","RAIL","MLN_PKM","A","2010",,"M"
"MLT","PASSTRANSP","RAIL","MLN_PKM","A","2011",,"M"
"MLT","PASSTRANSP","RAIL","MLN_PKM","A","2012",,"M"
"MLT","PASSTRANSP","RAIL","MLN_PKM","A","2013",,"M"
"MLT","PASSTRANSP","RAIL","MLN_PKM","A","2014",,"M"
"MLT","PASSTRANSP","RAIL","MLN_PKM","A","2015",,"M"
"MLT","PASSTRANSP","RAIL","MLN_PKM","A","2016",,"M"
"MLT","PASSTRANSP","RAIL","MLN_PKM","A","2017",,"M"
"MLT","PASSTRANSP","RAIL","MLN_PKM","A","2018",,"M"
"MLT","PASSTRANSP","RAIL","MLN_PKM","A","2019",,"M"
"MDA","PASSTRANSP","RAIL","MLN_PKM","A","1995",1019,
"MDA","PASSTRANSP","RAIL","MLN_PKM","A","1996",882,
"MDA","PASSTRANSP","RAIL","MLN_PKM","A","1997",789,
"MDA","PASSTRANSP","RAIL","MLN_PKM","A","1998",656,
"MDA","PASSTRANSP","RAIL","MLN_PKM","A","1999",343,
"MDA","PASSTRANSP","RAIL","MLN_PKM","A","2000",315,
"MDA","PASSTRANSP","RAIL","MLN_PKM","A","2001",325,
"MDA","PASSTRANSP","RAIL","MLN_PKM","A","2002",355,
"MDA","PASSTRANSP","RAIL","MLN_PKM","A","2003",352,
"MDA","PASSTRANSP","RAIL","MLN_PKM","A","2004",346,
"MDA","PASSTRANSP","RAIL","MLN_PKM","A","2005",355,
"MDA","PASSTRANSP","RAIL","MLN_PKM","A","2006",471,
"MDA","PASSTRANSP","RAIL","MLN_PKM","A","2007",468,
"MDA","PASSTRANSP","RAIL","MLN_PKM","A","2008",486,
"MDA","PASSTRANSP","RAIL","MLN_PKM","A","2009",423,
"MDA","PASSTRANSP","RAIL","MLN_PKM","A","2010",399,
"MDA","PASSTRANSP","RAIL","MLN_PKM","A","2011",363,
"MDA","PASSTRANSP","RAIL","MLN_PKM","A","2012",347,
"MDA","PASSTRANSP","RAIL","MLN_PKM","A","2013",330,
"MDA","PASSTRANSP","RAIL","MLN_PKM","A","2014",257,
"MDA","PASSTRANSP","RAIL","MLN_PKM","A","2015",181,
"MDA","PASSTRANSP","RAIL","MLN_PKM","A","2016",122,
"MDA","PASSTRANSP","RAIL","MLN_PKM","A","2017",99,
"MDA","PASSTRANSP","RAIL","MLN_PKM","A","2018",94.6,
"MDA","PASSTRANSP","RAIL","MLN_PKM","A","2019",74.1,
"ROU","PASSTRANSP","RAIL","MLN_PKM","A","1995",18879,
"ROU","PASSTRANSP","RAIL","MLN_PKM","A","1996",18356,
"ROU","PASSTRANSP","RAIL","MLN_PKM","A","1997",15795,
"ROU","PASSTRANSP","RAIL","MLN_PKM","A","1998",13422,
"ROU","PASSTRANSP","RAIL","MLN_PKM","A","1999",12304,
"ROU","PASSTRANSP","RAIL","MLN_PKM","A","2000",11632,
"ROU","PASSTRANSP","RAIL","MLN_PKM","A","2001",10966,
"ROU","PASSTRANSP","RAIL","MLN_PKM","A","2002",8502,
"ROU","PASSTRANSP","RAIL","MLN_PKM","A","2003",8529,
"ROU","PASSTRANSP","RAIL","MLN_PKM","A","2004",8638,
"ROU","PASSTRANSP","RAIL","MLN_PKM","A","2005",7985,
"ROU","PASSTRANSP","RAIL","MLN_PKM","A","2006",8092,
"ROU","PASSTRANSP","RAIL","MLN_PKM","A","2007",7476,
"ROU","PASSTRANSP","RAIL","MLN_PKM","A","2008",6958,
"ROU","PASSTRANSP","RAIL","MLN_PKM","A","2009",6128,
"ROU","PASSTRANSP","RAIL","MLN_PKM","A","2010",5438,
"ROU","PASSTRANSP","RAIL","MLN_PKM","A","2011",5073,
"ROU","PASSTRANSP","RAIL","MLN_PKM","A","2012",4571,
"ROU","PASSTRANSP","RAIL","MLN_PKM","A","2013",4411,
"ROU","PASSTRANSP","RAIL","MLN_PKM","A","2014",4976,
"ROU","PASSTRANSP","RAIL","MLN_PKM","A","2015",5149,
"ROU","PASSTRANSP","RAIL","MLN_PKM","A","2016",4988,
"ROU","PASSTRANSP","RAIL","MLN_PKM","A","2017",5663,
"ROU","PASSTRANSP","RAIL","MLN_PKM","A","2018",5577,
"ROU","PASSTRANSP","RAIL","MLN_PKM","A","2019",5906,
"RUS","PASSTRANSP","RAIL","MLN_PKM","A","1995",192217,
"RUS","PASSTRANSP","RAIL","MLN_PKM","A","1996",181213,
"RUS","PASSTRANSP","RAIL","MLN_PKM","A","1997",170318,
"RUS","PASSTRANSP","RAIL","MLN_PKM","A","1998",152932,
"RUS","PASSTRANSP","RAIL","MLN_PKM","A","1999",141042,
"RUS","PASSTRANSP","RAIL","MLN_PKM","A","2000",167054,
"RUS","PASSTRANSP","RAIL","MLN_PKM","A","2001",157901,
"RUS","PASSTRANSP","RAIL","MLN_PKM","A","2002",152871,
"RUS","PASSTRANSP","RAIL","MLN_PKM","A","2003",157573,
"RUS","PASSTRANSP","RAIL","MLN_PKM","A","2004",164272,
"RUS","PASSTRANSP","RAIL","MLN_PKM","A","2005",172217,
"RUS","PASSTRANSP","RAIL","MLN_PKM","A","2006",177838,
"RUS","PASSTRANSP","RAIL","MLN_PKM","A","2007",174085,
"RUS","PASSTRANSP","RAIL","MLN_PKM","A","2008",175872,
"RUS","PASSTRANSP","RAIL","MLN_PKM","A","2009",151467,
"RUS","PASSTRANSP","RAIL","MLN_PKM","A","2010",138885,
"RUS","PASSTRANSP","RAIL","MLN_PKM","A","2011",139742,
"RUS","PASSTRANSP","RAIL","MLN_PKM","A","2012",144612,
"RUS","PASSTRANSP","RAIL","MLN_PKM","A","2013",138517,
"RUS","PASSTRANSP","RAIL","MLN_PKM","A","2014",130027,
"RUS","PASSTRANSP","RAIL","MLN_PKM","A","2015",120644,
"RUS","PASSTRANSP","RAIL","MLN_PKM","A","2016",124620,
"RUS","PASSTRANSP","RAIL","MLN_PKM","A","2017",123096,
"RUS","PASSTRANSP","RAIL","MLN_PKM","A","2018",129542,
"RUS","PASSTRANSP","RAIL","MLN_PKM","A","2019",133589,
"SVN","PASSTRANSP","RAIL","MLN_PKM","A","1995",595,
"SVN","PASSTRANSP","RAIL","MLN_PKM","A","1996",613,
"SVN","PASSTRANSP","RAIL","MLN_PKM","A","1997",616,
"SVN","PASSTRANSP","RAIL","MLN_PKM","A","1998",645,
"SVN","PASSTRANSP","RAIL","MLN_PKM","A","1999",623,
"SVN","PASSTRANSP","RAIL","MLN_PKM","A","2000",705,
"SVN","PASSTRANSP","RAIL","MLN_PKM","A","2001",715,
"SVN","PASSTRANSP","RAIL","MLN_PKM","A","2002",749,
"SVN","PASSTRANSP","RAIL","MLN_PKM","A","2003",777,
"SVN","PASSTRANSP","RAIL","MLN_PKM","A","2004",764,
"SVN","PASSTRANSP","RAIL","MLN_PKM","A","2005",777,
"SVN","PASSTRANSP","RAIL","MLN_PKM","A","2006",793,
"SVN","PASSTRANSP","RAIL","MLN_PKM","A","2007",812,
"SVN","PASSTRANSP","RAIL","MLN_PKM","A","2008",834,
"SVN","PASSTRANSP","RAIL","MLN_PKM","A","2009",840,
"SVN","PASSTRANSP","RAIL","MLN_PKM","A","2010",813,
"SVN","PASSTRANSP","RAIL","MLN_PKM","A","2011",773,
"SVN","PASSTRANSP","RAIL","MLN_PKM","A","2012",742,
"SVN","PASSTRANSP","RAIL","MLN_PKM","A","2013",760,
"SVN","PASSTRANSP","RAIL","MLN_PKM","A","2014",697,
"SVN","PASSTRANSP","RAIL","MLN_PKM","A","2015",709,
"SVN","PASSTRANSP","RAIL","MLN_PKM","A","2016",680,
"SVN","PASSTRANSP","RAIL","MLN_PKM","A","2017",650,
"SVN","PASSTRANSP","RAIL","MLN_PKM","A","2018",656,
"SVN","PASSTRANSP","RAIL","MLN_PKM","A","2019",698,
"UKR","PASSTRANSP","RAIL","MLN_PKM","A","1995",63752,
"UKR","PASSTRANSP","RAIL","MLN_PKM","A","1996",59080,
"UKR","PASSTRANSP","RAIL","MLN_PKM","A","1997",54433,
"UKR","PASSTRANSP","RAIL","MLN_PKM","A","1998",49938,
"UKR","PASSTRANSP","RAIL","MLN_PKM","A","1999",47600,
"UKR","PASSTRANSP","RAIL","MLN_PKM","A","2000",51767,
"UKR","PASSTRANSP","RAIL","MLN_PKM","A","2001",49661,
"UKR","PASSTRANSP","RAIL","MLN_PKM","A","2002",50544,
"UKR","PASSTRANSP","RAIL","MLN_PKM","A","2003",52558,
"UKR","PASSTRANSP","RAIL","MLN_PKM","A","2004",51726,
"UKR","PASSTRANSP","RAIL","MLN_PKM","A","2005",52655,
"UKR","PASSTRANSP","RAIL","MLN_PKM","A","2006",53230,
"UKR","PASSTRANSP","RAIL","MLN_PKM","A","2007",53089,
"UKR","PASSTRANSP","RAIL","MLN_PKM","A","2008",53056,
"UKR","PASSTRANSP","RAIL","MLN_PKM","A","2009",48327,
"UKR","PASSTRANSP","RAIL","MLN_PKM","A","2010",50248,"B"
"UKR","PASSTRANSP","RAIL","MLN_PKM","A","2011",50593,
"UKR","PASSTRANSP","RAIL","MLN_PKM","A","2012",49329,
"UKR","PASSTRANSP","RAIL","MLN_PKM","A","2013",48981,
"UKR","PASSTRANSP","RAIL","MLN_PKM","A","2014",35865,"B"
"UKR","PASSTRANSP","RAIL","MLN_PKM","A","2015",35367,
"UKR","PASSTRANSP","RAIL","MLN_PKM","A","2016",36839,
"UKR","PASSTRANSP","RAIL","MLN_PKM","A","2017",28075,
"UKR","PASSTRANSP","RAIL","MLN_PKM","A","2018",28685,
"UKR","PASSTRANSP","RAIL","MLN_PKM","A","2019",28413,
"SRB","PASSTRANSP","RAIL","MLN_PKM","A","1995",2326,
"SRB","PASSTRANSP","RAIL","MLN_PKM","A","1996",1415,
"SRB","PASSTRANSP","RAIL","MLN_PKM","A","1997",1304,
"SRB","PASSTRANSP","RAIL","MLN_PKM","A","1998",1368,
"SRB","PASSTRANSP","RAIL","MLN_PKM","A","1999",789,
"SRB","PASSTRANSP","RAIL","MLN_PKM","A","2000",1236,
"SRB","PASSTRANSP","RAIL","MLN_PKM","A","2001",1047,
"SRB","PASSTRANSP","RAIL","MLN_PKM","A","2002",954,
"SRB","PASSTRANSP","RAIL","MLN_PKM","A","2003",809,
"SRB","PASSTRANSP","RAIL","MLN_PKM","A","2004",821,
"SRB","PASSTRANSP","RAIL","MLN_PKM","A","2005",713,
"SRB","PASSTRANSP","RAIL","MLN_PKM","A","2006",684,
"SRB","PASSTRANSP","RAIL","MLN_PKM","A","2007",687,
"SRB","PASSTRANSP","RAIL","MLN_PKM","A","2008",583,
"SRB","PASSTRANSP","RAIL","MLN_PKM","A","2009",522,
"SRB","PASSTRANSP","RAIL","MLN_PKM","A","2010",522,
"SRB","PASSTRANSP","RAIL","MLN_PKM","A","2011",541,
"SRB","PASSTRANSP","RAIL","MLN_PKM","A","2012",540,
"SRB","PASSTRANSP","RAIL","MLN_PKM","A","2013",612,
"SRB","PASSTRANSP","RAIL","MLN_PKM","A","2014",453,
"SRB","PASSTRANSP","RAIL","MLN_PKM","A","2015",509,
"SRB","PASSTRANSP","RAIL","MLN_PKM","A","2016",438,
"SRB","PASSTRANSP","RAIL","MLN_PKM","A","2017",377,
"SRB","PASSTRANSP","RAIL","MLN_PKM","A","2018",347,
"SRB","PASSTRANSP","RAIL","MLN_PKM","A","2019",285,
"MNE","PASSTRANSP","RAIL","MLN_PKM","A","2001",215,
"MNE","PASSTRANSP","RAIL","MLN_PKM","A","2002",192,
"MNE","PASSTRANSP","RAIL","MLN_PKM","A","2003",192,
"MNE","PASSTRANSP","RAIL","MLN_PKM","A","2004",130,
"MNE","PASSTRANSP","RAIL","MLN_PKM","A","2005",123,
"MNE","PASSTRANSP","RAIL","MLN_PKM","A","2006",132,
"MNE","PASSTRANSP","RAIL","MLN_PKM","A","2007",110,
"MNE","PASSTRANSP","RAIL","MLN_PKM","A","2008",125,
"MNE","PASSTRANSP","RAIL","MLN_PKM","A","2009",99,
"MNE","PASSTRANSP","RAIL","MLN_PKM","A","2010",91,
"MNE","PASSTRANSP","RAIL","MLN_PKM","A","2011",65,
"MNE","PASSTRANSP","RAIL","MLN_PKM","A","2012",62,
"MNE","PASSTRANSP","RAIL","MLN_PKM","A","2013",73,
"MNE","PASSTRANSP","RAIL","MLN_PKM","A","2014",76,
"MNE","PASSTRANSP","RAIL","MLN_PKM","A","2015",81,
"MNE","PASSTRANSP","RAIL","MLN_PKM","A","2016",84,
"MNE","PASSTRANSP","RAIL","MLN_PKM","A","2017",60,
"NZL","PASSTRANSP","RAIL","MLN_PKM","A","1995",366,
"NZL","PASSTRANSP","RAIL","MLN_PKM","A","1996",378,
"NZL","PASSTRANSP","RAIL","MLN_PKM","A","1997",396,
"NZL","PASSTRANSP","RAIL","MLN_PKM","A","1998",321,
"ISR","PASSTRANSP","RAIL","MLN_PKM","A","1995",267,
"ISR","PASSTRANSP","RAIL","MLN_PKM","A","1996",213.6,
"ISR","PASSTRANSP","RAIL","MLN_PKM","A","1997",346,
"ISR","PASSTRANSP","RAIL","MLN_PKM","A","1998",382.6,
"ISR","PASSTRANSP","RAIL","MLN_PKM","A","1999",529.3,
"ISR","PASSTRANSP","RAIL","MLN_PKM","A","2000",781.5,
"ISR","PASSTRANSP","RAIL","MLN_PKM","A","2001",960.7,
"ISR","PASSTRANSP","RAIL","MLN_PKM","A","2002",1116,
"ISR","PASSTRANSP","RAIL","MLN_PKM","A","2003",1278.3,
"ISR","PASSTRANSP","RAIL","MLN_PKM","A","2004",1422.9,
"ISR","PASSTRANSP","RAIL","MLN_PKM","A","2005",1617.8,
"ISR","PASSTRANSP","RAIL","MLN_PKM","A","2006",1609,
"ISR","PASSTRANSP","RAIL","MLN_PKM","A","2007",1834.1,
"ISR","PASSTRANSP","RAIL","MLN_PKM","A","2008",1968.5,
"ISR","PASSTRANSP","RAIL","MLN_PKM","A","2009",2011.5,
"ISR","PASSTRANSP","RAIL","MLN_PKM","A","2010",1986.3,
"ISR","PASSTRANSP","RAIL","MLN_PKM","A","2011",1926.9,
"ISR","PASSTRANSP","RAIL","MLN_PKM","A","2012",2133.4,
"ISR","PASSTRANSP","RAIL","MLN_PKM","A","2013",2376.2,
"ISR","PASSTRANSP","RAIL","MLN_PKM","A","2014",2485.2,
"ISR","PASSTRANSP","RAIL","MLN_PKM","A","2015",2608.1,
"ISR","PASSTRANSP","RAIL","MLN_PKM","A","2016",2644.7,
"ISR","PASSTRANSP","RAIL","MLN_PKM","A","2017",2765.2,
"ISR","PASSTRANSP","RAIL","MLN_PKM","A","2018",3031.76,
"ISR","PASSTRANSP","RAIL","MLN_PKM","A","2019",3579.9,
"ARG","PASSTRANSP","RAIL","MLN_PKM","A","2005",8640.7627436806,
"ARG","PASSTRANSP","RAIL","MLN_PKM","A","2006",9052.390462155,
"ARG","PASSTRANSP","RAIL","MLN_PKM","A","2007",8715.4385913024,
"ARG","PASSTRANSP","RAIL","MLN_PKM","A","2008",9237.510554638,
"ARG","PASSTRANSP","RAIL","MLN_PKM","A","2009",9108.0603687135,
"ARG","PASSTRANSP","RAIL","MLN_PKM","A","2010",8817.8723669107,
"ARG","PASSTRANSP","RAIL","MLN_PKM","A","2011",7287.9333902597,
"ARG","PASSTRANSP","RAIL","MLN_PKM","A","2012",6002.5177929744,
"ARG","PASSTRANSP","RAIL","MLN_PKM","A","2013",5035.0018230423,
"ARG","PASSTRANSP","RAIL","MLN_PKM","A","2014",5733.5770156506,
"ARG","PASSTRANSP","RAIL","MLN_PKM","A","2015",6883.5652307941,
"ARG","PASSTRANSP","RAIL","MLN_PKM","A","2016",8065.3684635781,
"ARG","PASSTRANSP","RAIL","MLN_PKM","A","2017",8360.7820221858,
"CHL","PASSTRANSP","RAIL","MLN_PKM","A","2010",696.35048,
"CHL","PASSTRANSP","RAIL","MLN_PKM","A","2011",851.582112,
"CHL","PASSTRANSP","RAIL","MLN_PKM","A","2012",933.999552,
"CHL","PASSTRANSP","RAIL","MLN_PKM","A","2013",861.780415,
"CHL","PASSTRANSP","RAIL","MLN_PKM","A","2014",662.561655,
"CHL","PASSTRANSP","RAIL","MLN_PKM","A","2015",584.365975,
"CHL","PASSTRANSP","RAIL","MLN_PKM","A","2016",582.860352,
"CHL","PASSTRANSP","RAIL","MLN_PKM","A","2017",595.783014,
"CHL","PASSTRANSP","RAIL","MLN_PKM","A","2018",676.509974,
"CHL","PASSTRANSP","RAIL","MLN_PKM","A","2019",721,"P"
"MAR","PASSTRANSP","RAIL","MLN_PKM","A","1996",1776,
"MAR","PASSTRANSP","RAIL","MLN_PKM","A","1997",1856,
"MAR","PASSTRANSP","RAIL","MLN_PKM","A","1998",1875,
"MAR","PASSTRANSP","RAIL","MLN_PKM","A","1999",1880,
"MAR","PASSTRANSP","RAIL","MLN_PKM","A","2000",1956,
"MAR","PASSTRANSP","RAIL","MLN_PKM","A","2001",2019,
"MAR","PASSTRANSP","RAIL","MLN_PKM","A","2002",2145,
"MAR","PASSTRANSP","RAIL","MLN_PKM","A","2003",2374,
"MAR","PASSTRANSP","RAIL","MLN_PKM","A","2004",2644,
"MAR","PASSTRANSP","RAIL","MLN_PKM","A","2005",2987,
"MAR","PASSTRANSP","RAIL","MLN_PKM","A","2006",3333,
"MAR","PASSTRANSP","RAIL","MLN_PKM","A","2007",3659,
"MAR","PASSTRANSP","RAIL","MLN_PKM","A","2008",3820,
"MAR","PASSTRANSP","RAIL","MLN_PKM","A","2009",4190,
"MAR","PASSTRANSP","RAIL","MLN_PKM","A","2010",4398,
"MAR","PASSTRANSP","RAIL","MLN_PKM","A","2011",4819,
"MAR","PASSTRANSP","RAIL","MLN_PKM","A","2012",5114,
"MAR","PASSTRANSP","RAIL","MLN_PKM","A","2013",5397,
"MAR","PASSTRANSP","RAIL","MLN_PKM","A","2014",5449,
"MAR","PASSTRANSP","RAIL","MLN_PKM","A","2015",5507,
"MAR","PASSTRANSP","RAIL","MLN_PKM","A","2016",5208,
"MAR","PASSTRANSP","RAIL","MLN_PKM","A","2017",4923,
"KAZ","PASSTRANSP","RAIL","MLN_PKM","A","2013",20624.9,
"KAZ","PASSTRANSP","RAIL","MLN_PKM","A","2014",23750.4,
"KAZ","PASSTRANSP","RAIL","MLN_PKM","A","2015",20344.5,
"KAZ","PASSTRANSP","RAIL","MLN_PKM","A","2016",17321.8,
"KAZ","PASSTRANSP","RAIL","MLN_PKM","A","2017",17961.4,
"KAZ","PASSTRANSP","RAIL","MLN_PKM","A","2018",18509.3,
